mer_id,discount_price,is_valid
1,?499,1
2,?594,1
3,"?3,100",1
4,"?2,377",1
5,"?1,747",1
6,"?2,271",1
7,"?1,922",1
8,"?1,747",1
9,?593,1
10,?629,1
11,?679,1
12,"?3,477",1
13,"?3,109",1
14,"?1,799",1
15,"?2,397",1
16,"?1,397",1
17,?449,0
18,"?1,817",1
19,"?1,499",1
20,"?1,709",1
21,?319,1
22,?594,1
23,?699.02,1
24,"?2,754",1
25,"?1,299",1
26,?440,1
27,"?2,197",1
28,"?3,596",1
29,?849,1
30,?701,1
31,?975,1
32,?350,1
33,?799,1
34,,1
35,,1
36,?599,1
37,?698.07,1
38,"?1,885",1
39,"?1,599",1
40,?664,1
41,"?1,497",1
42,"?2,422",1
43,"?1,399",1
44,"?1,399",1
45,?789,1
46,"?1,890",1
47,?707,1
48,"?1,679",0
49,?929,1
50,?499,0
51,"?1,724",1
52,"?1,922",1
53,?499,1
54,?748,1
55,"?2,480",1
56,?344,1
57,?299,1
58,"?3,118",1
59,?699,1
60,?482,1
61,,1
62,"?1,372",1
63,"?1,599",1
64,"?2,271",1
65,"?3,372",1
66,"?2,217",1
67,?930,1
68,"?1,320",1
69,?399,1
70,"?1,499",1
71,?748,1
72,,1
73,?672,1
74,?471,1
75,?549,1
76,?413,1
77,?489,0
78,"?1,497",1
79,?795,1
80,"?2,377",1
81,?369,1
82,?664,1
83,"?2,337",1
84,?508,1
85,"?1,922",1
86,"?1,922",1
87,"?2,113",1
88,?524,1
89,?648,0
90,?682,1
91,?769,1
92,"?1,649",1
93,?551,1
94,?551,1
95,?764,1
96,?499,1
97,?189,1
98,"?1,151",1
99,"?2,884",1
100,"?1,179",1
101,?179,1
102,"?1,497",1
103,"?2,130",1
104,"?1,719",1
105,?443,1
106,"?4,270",1
107,?699,1
108,?598,1
109,"?1,889",1
110,?785,1
111,"?3,172",1
112,?443,1
113,?899,1
114,?839,1
115,,1
116,"?2,016",1
117,"?1,259.55",1
118,"?3,673",1
119,"?1,519",1
120,"?1,869",1
121,"?3,172",1
122,"?1,917",1
123,"?2,999",1
124,"?1,014",1
125,?699,1
126,"?1,369",1
127,?668,1
128,?699,0
129,"?1,849",1
130,?291,1
131,?499,1
132,"?1,061",1
133,"?1,497",1
134,?750,1
135,"?1,157",1
136,"?2,240",0
137,"?2,466",1
138,?678,1
139,?688.78,1
140,"?1,747",1
141,"?1,917",1
142,?816,1
143,?779,1
144,?929,1
145,"?2,397",1
146,?479,1
147,?413,1
148,"?1,747",1
149,,1
150,"?2,879",1
151,?825,1
152,"?1,048",1
153,?629,1
154,"?2,384",1
155,"?2,249",1
156,?538,1
157,"?1,399",1
158,?926,1
159,"?2,936",1
160,?377.24,1
161,?699,1
162,"?1,399",1
163,"?3,867",1
164,?699,1
165,?399,1
166,?853,1
167,?599,1
168,"?2,039",1
169,?799,1
170,"?1,699",1
171,?752,1
172,"?1,199",1
173,"?1,934",1
174,"?1,649",1
175,?769,1
176,?519,1
177,?489,0
178,?499,1
179,"?4,199",1
180,?499,1
181,?449,1
182,"?2,603",1
183,"?1,869",1
184,"?1,848",1
185,"?1,499",1
186,"?2,396",1
187,?249,1
188,?521,1
189,?499,1
190,"?1,992",1
191,?398,1
192,?831,1
193,?499,1
194,"?1,996",1
195,"?1,792",1
196,"?2,087",1
197,?749,1
198,"?1,844",1
199,?849,1
200,"?1,789",1
201,"?1,260",1
202,?449,1
203,"?3,959",1
204,"?2,253",1
205,?570,1
206,"?1,044",1
207,"?1,079",1
208,"?1,890",1
209,"?1,699",1
210,?649,1
211,?599,1
212,?649,1
213,"?2,642",1
214,?899,1
215,?489,1
216,?599,1
217,?884,1
218,?499,1
219,?281,1
220,?499,1
221,"?2,619",1
222,"?1,747",1
223,?349,1
224,"?2,239",1
225,?859,1
226,?359,1
227,"?1,643",1
228,"?1,079",1
229,"?1,023",1
230,?799,1
231,"?5,524",1
232,?435,1
233,"?2,586",1
234,?649,1
235,?389,1
236,"?2,472",1
237,"?1,249",1
238,?758,1
239,"?2,959",1
240,?499,1
241,"?4,499",1
242,"?2,359",1
243,"?1,992",1
244,,1
245,?549,1
246,"?2,429",1
247,"?1,572",1
248,"?2,846",1
249,?799,1
250,?527,1
251,"?2,079",1
252,"?1,439",1
253,?499,1
254,"?2,000",1
255,"?5,699",1
256,"?1,899.05",1
257,"?2,472",1
258,?699,1
259,?399,1
260,"?2,399",1
261,"?1,484",1
262,?626,1
263,?934,1
264,?465,1
265,"?2,999",1
266,"?2,337",1
267,"?1,329",1
268,"?1,111",1
269,"?2,517",1
270,"?4,199",1
271,"?1,979",1
272,?678,1
273,?549,1
274,"?1,882",1
275,?659,1
276,"?3,199",1
277,"?1,279",1
278,"?1,356",1
279,"?1,439",1
280,?637,0
281,?489,1
282,"?1,919",1
283,?929,1
284,"?1,144",1
285,"?2,009",1
286,"?2,271",1
287,"?5,990",1
288,?927,1
289,"?1,117.93",1
290,"?1,198",1
291,?719,1
292,"?2,880",1
293,"?1,980",1
294,"?1,372",1
295,?944,1
296,?959,1
297,?779,1
298,"?3,022",1
299,?736,1
300,?899,1
301,?589,1
302,?875,1
303,"?2,599",1
304,?863,1
305,?379,1
306,?499,1
307,?899,1
308,"?2,517",1
309,?745,1
310,?719,1
311,?399,1
312,"?3,149",1
313,?749,1
314,"?2,485",1
315,?449,1
316,"?4,324",1
317,"?1,797",1
318,,1
319,?499,1
320,"?4,549",1
321,?719,1
322,"?1,482",1
323,"?1,794",1
324,?499,1
325,?649,1
326,"?1,922",1
327,"?2,016",1
328,?529,1
329,"?2,245",1
330,"?3,314",1
331,"?1,649",1
332,?664,1
333,"?1,599",1
334,"?2,429",1
335,?875,1
336,?599,1
337,?769,1
338,?929,1
339,?899,1
340,"?1,471",1
341,"?1,048",1
342,?593,1
343,?599,1
344,"?1,109",1
345,"?3,599",1
346,?678,1
347,?899,1
348,"?3,171",1
349,?299,1
350,"?1,199",1
351,"?3,199",1
352,?399,1
353,?599,1
354,"?1,899",1
355,?599,1
356,?799,1
357,?867,1
358,"?3,020",1
359,"?1,349",1
360,?699,0
361,"?1,839",1
362,"?2,198",1
363,"?2,271",1
364,,1
365,"?2,490",1
366,?689,1
367,?849,1
368,?917,1
369,?576,1
370,"?3,000",1
371,?243,1
372,?994,1
373,?519,1
374,?589,1
375,?559,1
376,?499,1
377,"?2,299",1
378,"?1,000",1
379,"?1,592",1
380,?949,1
381,?489,1
382,?999,1
383,?890,1
384,,1
385,"?1,990",1
386,?758,1
387,?599,1
388,?569,1
389,"?1,359",1
390,?809,1
391,?917,1
392,"?2,161",1
393,?949,1
394,?738,1
395,?254,1
396,?864,1
397,?639,1
398,"?2,253",1
399,?749,1
400,,1
401,?739,1
402,?767,1
403,"?2,250",1
404,?179,1
405,?499,1
406,?456.36,1
407,?369,1
408,?351,1
409,?689,1
410,?389,1
411,"?2,490",1
412,"?1,990",1
413,?798,0
414,?749,1
415,?57,1
416,?519,1
417,"?2,253",1
418,,1
419,?995,1
420,?919,1
421,"?3,267",1
422,"?1,992",1
423,?199,1
424,?449,1
425,"?2,345",1
426,?499,1
427,"?1,499",1
428,?589,1
429,?449,1
430,"?2,688",1
431,?949,1
432,"?2,250",0
433,"?2,254",1
434,?806,1
435,?625,1
436,?701,1
437,"?2,250",0
438,"?3,299",1
439,?599,0
440,?899,1
441,?532.01,0
442,"?1,089",1
443,?669,1
444,?739,1
445,,1
446,"?1,199",1
447,"?1,049",1
448,"?1,280.59",1
449,"?1,099",1
450,"?1,865",1
451,?779,1
452,"?1,474",1
453,"?1,797",1
454,"?2,254",1
455,"?1,380",1
456,?459,1
457,"?1,199.20",1
458,,1
459,?768,1
460,?299,0
461,"?1,169",1
462,?909,1
463,?779,1
464,"?2,375",1
465,"?2,438",1
466,"?1,474",1
467,"?1,169",1
468,"?2,490",1
469,?699,1
470,"?1,645",1
471,?599,1
472,"?2,191",1
473,"?1,450",1
474,?569,1
475,?278,1
476,?699,1
477,?699,1
478,"?1,999",1
479,?285,1
480,?649,1
481,"?1,199",1
482,?499,0
483,?299,1
484,?565,1
485,"?2,599",1
486,?499,1
487,?949,1
488,"?1,249",1
489,"?1,131",1
490,?384,1
491,?299,1
492,?299,1
493,?16,1
494,?689,1
495,"?1,999",1
496,?499,1
497,?279,1
498,?438,1
499,?899,1
500,?689,1
501,"?2,599",1
502,?545,1
503,?219,1
504,?999,0
505,?475,1
506,?349,1
507,?238,1
508,?239,1
509,?299,1
510,?189,1
511,"?1,299",1
512,?499,1
513,?299,1
514,?669,1
515,?449,0
516,?423,1
517,?299,1
518,?843,1
519,?299,1
520,?299,1
521,?219,1
522,?120,1
523,?664,1
524,?899,1
525,?915,1
526,"?1,499",1
527,?739,1
528,?297,0
529,?313,1
530,?249,1
531,?799,1
532,?499,1
533,,1
534,?389,1
535,?209,1
536,?375,1
537,?449,1
538,?499,1
539,?249,1
540,?449,1
541,?679,1
542,?619,1
543,"?15,001",1
544,"?1,150",1
545,?430,1
546,"?1,719",1
547,"?5,589",1
548,"?1,549",1
549,?449,1
550,?229,1
551,?499,1
552,"?6,298",1
553,"?12,800",1
554,"?7,900",1
555,"?6,300",1
556,"?5,500",1
557,"?5,499",1
558,"?6,849",1
559,"?17,292",1
560,"?29,506",1
561,"?12,440",1
562,"?24,853",1
563,"?33,137",1
564,"?36,903",1
565,"?19,581",1
566,"?8,250",1
567,"?8,900",1
568,"?13,137",1
569,"?8,743",1
570,"?16,031",1
571,"?14,477",1
572,"?14,531",1
573,"?21,337",1
574,"?16,567",1
575,"?7,939",1
576,"?22,301",1
577,"?23,712",1
578,"?10,190",1
579,"?24,367",1
580,"?18,496",1
581,"?33,537",1
582,"?37,532",1
583,"?43,752",1
584,"?19,086",1
585,"?27,661",1
586,"?22,205",1
587,"?19,032",1
588,"?40,807",1
589,"?32,162",1
590,"?14,906",1
591,"?15,817",1
592,"?39,498",1
593,"?31,389",1
594,"?23,646",1
595,"?18,121",1
596,"?25,873",1
597,"?27,969",1
598,"?28,465",1
599,"?24,562",1
600,"?23,480",1
601,"?26,004",1
602,"?23,646",1
603,"?16,299",1
604,"?12,170",1
605,"?48,832",1
606,"?7,500",0
607,"?23,582",1
608,,1
609,,1
610,"?23,281",1
611,"?26,788",1
612,"?29,914",1
613,"?32,207",1
614,"?26,979",1
615,"?76,234",1
616,"?81,006",1
617,"?1,16,205",1
618,"?69,471",1
619,"?1,33,742",1
620,,1
621,,1
622,,1
623,"?31,189",1
624,"?43,504",1
625,"?24,807",1
626,"?23,797",1
627,"?32,421",1
628,"?47,956",1
629,"?33,545",1
630,"?23,893",1
631,"?27,342",1
632,"?42,905",1
633,"?45,356",1
634,"?46,279",1
635,"?40,806",1
636,"?30,514",1
637,?780,1
638,?476,1
639,?349,1
640,?396,1
641,?485,1
642,?625,1
643,?265,1
644,?349,1
645,?439,1
646,?482,1
647,?200,1
648,?229,1
649,?549,1
650,?515,1
651,?630,1
652,?195,1
653,?788,1
654,?379,1
655,,1
656,?529,1
657,?349,1
658,?247,1
659,?499,1
660,?289,1
661,?212,1
662,?399,1
663,?358,1
664,?349,1
665,,1
666,?349,1
667,"?1,255",1
668,?407,1
669,?410,1
670,?568,1
671,?399,1
672,?499,1
673,?343,1
674,?689,1
675,?449,1
676,?369,1
677,?782,1
678,?499,1
679,?660,1
680,,1
681,?349,0
682,?209,0
683,?841,1
684,?459,1
685,?349,1
686,?379,1
687,?319,1
688,,1
689,,1
690,?470,1
691,?450,1
692,?399,1
693,?615,0
694,?245,0
695,?75,0
696,?248,1
697,,1
698,?349,1
699,?399,1
700,,1
701,?447,1
702,?399,1
703,?357,1
704,?329,1
705,?379,1
706,"?1,111",1
707,,1
708,?239,1
709,?430,1
710,?158.19,1
711,?389,1
712,?399,1
713,?830,1
714,?349,1
715,?240,1
716,?549,1
717,?675,1
718,?498,1
719,?473,1
720,?227.70,1
721,?282,1
722,?199,1
723,?349,1
724,?429,1
725,?490,1
726,?490,1
727,?248,1
728,?248,0
729,?224,1
730,?75,1
731,?75,1
732,?499,1
733,,1
734,?699,1
735,?349,1
736,,1
737,?710,1
738,?770,0
739,,1
740,?799,1
741,?460,1
742,?349,1
743,?349,1
744,"?17,288",1
745,?349,1
746,?349,1
747,?763,1
748,?499,1
749,?549,1
750,?349,1
751,?449,1
752,?999,1
753,?219,0
754,?250,1
755,?209,1
756,?244,1
757,?585,1
758,?340,1
759,?499,1
760,?299,1
761,?415,0
762,"?1,048.99",0
763,"?2,878.99",1
764,?472,1
765,?472,1
766,,1
767,?375,1
768,?299,1
769,?339,1
770,?299,0
771,?349,1
772,?779,1
773,?849,0
774,"?1,199",1
775,?425,1
776,,1
777,"?1,719",1
778,"?1,650",1
779,?926,1
780,?449,0
781,"?1,278",1
782,"?3,399",1
783,?687.34,1
784,?995,1
785,"?1,999",1
786,?799,1
787,?995,1
788,,1
789,"?1,849",1
790,"?1,874",1
791,"?1,750",1
792,?979,1
793,?799,1
794,"?1,849",1
795,?549,1
796,?720,1
797,?800,1
798,?700,1
799,,1
800,"?1,849",1
801,,1
802,"?1,560",1
803,?720,1
804,?720,1
805,?926,1
806,,0
807,,1
808,,1
809,"?1,749",0
810,,1
811,"?1,398",1
812,"?1,719",0
813,"?6,999",1
814,"?8,599",1
815,"?14,999",1
816,"?1,080",1
817,"?12,096",1
818,"?1,849",1
819,"?1,849",1
820,"?1,849",1
821,"?1,849",1
822,"?1,849",1
823,"?2,799",1
824,"?2,199",1
825,"?1,999",1
826,"?1,999",1
827,"?1,999",1
828,,1
829,"?1,999",1
830,,1
831,"?1,898",1
832,"?1,898",1
833,"?1,880",1
834,"?1,500",1
835,"?1,300",1
836,"?1,300",1
837,"?1,400",1
838,"?1,300",1
839,"?1,300",0
840,"?1,300",1
841,"?1,300",1
842,?926,1
843,"?1,949",1
844,"?1,949",1
845,,1
846,?337,1
847,?356,1
848,?444,1
849,,0
850,?549,1
851,?369,1
852,?370,1
853,?225,1
854,?445,1
855,?149,1
856,?999,1
857,?466.65,1
858,?146,1
859,?312,1
860,?51,1
861,"?1,040",0
862,?199,1
863,?499,1
864,?499,1
865,?199,1
866,?569,1
867,?300,1
868,?319,1
869,?899,1
870,?250,1
871,,1
872,?315,0
873,,1
874,?225,0
875,?149,1
876,?115,1
877,?450,1
878,?102,1
879,?266,0
880,?125,0
881,?299,0
882,?89,1
883,?470,0
884,?579,1
885,?439,1
886,?799,1
887,?229,1
888,?285,1
889,?299,1
890,?375,1
891,?280,1
892,?199,1
893,,1
894,,1
895,?100,1
896,,1
897,?392,1
898,,1
899,?280,1
900,?185,1
901,?199,0
902,?356,1
903,,0
904,?189,1
905,?250,1
906,?165,1
907,?250,1
908,"?1,453",1
909,,1
910,?224,1
911,,1
912,?469,1
913,?199,1
914,?349,1
915,,1
916,?899,1
917,?191.87,1
918,?250,0
919,?128,1
920,?149,1
921,?246,1
922,?985,0
923,?115,1
924,"?1,255",1
925,?124,1
926,?250,1
927,?535,1
928,?270,1
929,?244,1
930,"?2,149",1
931,?445,1
932,?474,1
933,"?1,599.99",1
934,?139,1
935,,1
936,?149,1
937,?90,1
938,?89,1
939,?399,1
940,?149,1
941,?399,1
942,?509.15,1
943,?229,1
944,?349,0
945,?130,1
946,?199,0
947,?795,1
948,?299,1
949,?349,1
950,?319,1
951,"?1,174",1
952,?199,1
953,"?2,099",1
954,?315,1
955,,1
956,,1
957,?577,1
958,?164,1
959,,1
960,?169,1
961,?250,1
962,?139,1
963,"?1,472.70",1
964,"?5,331",1
965,?585,1
966,?125,0
967,,0
968,?159,1
969,,0
970,?334.74,1
971,,0
972,"?2,950",1
973,?79,1
974,?249,1
975,?290,1
976,?349,0
977,?287,1
978,?165,1
979,?249,1
980,?149,1
981,?348,1
982,?389,0
983,?99,1
984,?199,0
985,?783,1
986,"?1,600",1
987,,1
988,"?1,650",0
989,,1
990,?249,1
991,?129,1
992,?379,1
993,?299,1
994,"?1,187",1
995,?299,1
996,?125,1
997,"?1,829",1
998,?238,1
999,?285,1
1000,?499,1
1001,?269.56,1
1002,"?1,098",1
1003,,1
1004,?229,1
1005,?249,1
1006,?498,1
1007,,1
1008,?179,0
1009,?279,1
1010,?495,1
1011,?569,1
1012,?299,1
1013,?356,1
1014,?423,1
1015,,1
1016,?441,1
1017,"?4,250",1
1018,"?2,565",1
1019,?524,1
1020,,1
1021,?585,1
1022,"?2,145",1
1023,?637,1
1024,,1
1025,?480,1
1026,?796,1
1027,,1
1028,,0
1029,"?1,268",0
1030,"?1,045",1
1031,,1
1032,,0
1033,?704,1
1034,?421,1
1035,?395,1
1036,?100,1
1037,?175,1
1038,"?1,750",1
1039,?596,1
1040,?373,0
1041,?900,1
1042,,0
1043,?399,1
1044,?845,0
1045,"?1,200",1
1046,?487,1
1047,?554,1
1048,?466,1
1049,,1
1050,"?1,249",1
1051,?328,1
1052,,1
1053,?175,1
1054,"?1,329",1
1055,,1
1056,,1
1057,?371,1
1058,?265.50,1
1059,?412,1
1060,?585,0
1061,?381,1
1062,?899,0
1063,,1
1064,?930,1
1065,?650,1
1066,?497,1
1067,?549,1
1068,?900,1
1069,,1
1070,?365,1
1071,,1
1072,?181,1
1073,,1
1074,"?1,575",1
1075,?260,1
1076,?296,0
1077,"?1,104",1
1078,,1
1079,,1
1080,?209,0
1081,,1
1082,,1
1083,,1
1084,"?3,315",1
1085,?239,1
1086,,1
1087,?548,1
1088,?656,0
1089,?924,1
1090,?412,1
1091,?801,1
1092,?502,1
1093,?846,0
1094,"?1,019",1
1095,?924,1
1096,?523,1
1097,,0
1098,"?1,495",1
1099,,1
1100,?459,0
1101,,0
1102,,1
1103,,1
1104,?539,0
1105,"?1,716",0
1106,,1
1107,,1
1108,?421,1
1109,?665,1
1110,"?1,096",1
1111,,1
1112,?292,1
1113,"?1,672",1
1114,,1
1115,"?1,349",0
1116,"?1,488",1
1117,"?1,517",1
1118,?888,1
1119,,1
1120,,1
1121,"?2,662",1
1122,,0
1123,?347,1
1124,?300,1
1125,"?1,299",0
1126,,1
1127,"?2,160",1
1128,,0
1129,,0
1130,,1
1131,,1
1132,"?1,009",1
1133,?803,1
1134,?879,1
1135,,1
1136,"?2,805",0
1137,,1
1138,?350,1
1139,,1
1140,?980,1
1141,,1
1142,?210,0
1143,,1
1144,,0
1145,,1
1146,"?1,239",0
1147,,1
1148,,1
1149,,1
1150,,1
1151,?400,0
1152,,0
1153,,1
1154,,0
1155,?825,0
1156,,0
1157,"?2,795",1
1158,?719,1
1159,?300,0
1160,"?1,445",1
1161,"?2,870",1
1162,,1
1163,"?1,233",1
1164,?549,1
1165,"?1,067",1
1166,,1
1167,?344,1
1168,"?2,145",1
1169,,1
1170,?638,0
1171,,1
1172,,0
1173,?305,1
1174,,0
1175,,0
1176,?594,0
1177,,1
1178,"?1,235",1
1179,"?6,825",0
1180,"?1,432",0
1181,,1
1182,"?1,140",1
1183,?417,1
1184,"?1,560",0
1185,,1
1186,,1
1187,,0
1188,,1
1189,,1
1190,,1
1191,,1
1192,?34,0
1193,"?4,500",0
1194,,1
1195,?722.50,0
1196,?479,1
1197,,1
1198,?349,1
1199,,0
1200,?199,1
1201,?476,0
1202,,0
1203,,0
1204,,0
1205,?877.50,1
1206,,1
1207,,1
1208,?292,0
1209,?46.07,1
1210,,0
1211,"?1,117",1
1212,,0
1213,,1
1214,?580,0
1215,,1
1216,,0
1217,,0
1218,?556,0
1219,,1
1220,,0
1221,?169,0
1222,?359.95,0
1223,"?3,315",0
1224,"?1,560",1
1225,?470,0
1226,?95.43,0
1227,?230,0
1228,"?1,202.50",1
1229,,0
1230,?260,1
1231,,1
1232,"?1,690",1
1233,,1
1234,,1
1235,?280,0
1236,?319,1
1237,,1
1238,,1
1239,?641,0
1240,?409,1
1241,,1
1242,?844.35,0
1243,"?5,870",1
1244,,0
1245,"?5,280",0
1246,,1
1247,?728,0
1248,"?8,092.84",0
1249,,1
1250,"?7,000",0
1251,,1
1252,?428,1
1253,?804,1
1254,,0
1255,"?11,420",1
1256,,1
1257,"?3,188",1
1258,?729,0
1259,,0
1260,,0
1261,?487,0
1262,,0
1263,?295,0
1264,?350,0
1265,,1
1266,"?1,200",1
1267,?711,0
1268,"?5,775",1
1269,,1
1270,,0
1271,,1
1272,?906,0
1273,?718,1
1274,"?2,100",1
1275,"?2,365",0
1276,,0
1277,,0
1278,?627,1
1279,?519.35,0
1280,?417,0
1281,"?2,700",1
1282,,1
1283,,0
1284,,1
1285,,0
1286,,0
1287,"?4,575",1
1288,,0
1289,,0
1290,,0
1291,?949,1
1292,,0
1293,,0
1294,,1
1295,,1
1296,,1
1297,?945,1
1298,"?2,061.09",1
1299,,1
1300,?595,1
1301,,1
1302,,0
1303,"?1,869",1
1304,?259,0
1305,,1
1306,"?4,932",0
1307,?767,0
1308,?800,1
1309,"?2,024",1
1310,?627,0
1311,"?2,066",0
1312,"?1,625",1
1313,,1
1314,?197,0
1315,,1
1316,?349,1
1317,?785,0
1318,?350,1
1319,,0
1320,"?2,302",1
1321,"?1,791",1
1322,"?7,788",0
1323,"?1,000",1
1324,,0
1325,,1
1326,"?2,100",1
1327,,0
1328,,1
1329,,0
1330,"?1,625",1
1331,?487.50,1
1332,?698.75,0
1333,,0
1334,"?1,249",1
1335,,0
1336,,1
1337,,1
1338,,0
1339,?877.50,1
1340,,1
1341,?382,1
1342,,0
1343,?537,0
1344,,0
1345,"?3,800",1
1346,,1
1347,,1
1348,,1
1349,,0
1350,?695,0
1351,,1
1352,,1
1353,,1
1354,"?3,810",1
1355,"?2,240",0
1356,,0
1357,,0
1358,"?5,653",0
1359,?633.75,0
1360,,1
1361,"?2,100",0
1362,,0
1363,,0
1364,,1
1365,,0
1366,?447.41,0
1367,,0
1368,,0
1369,"?9,200",0
1370,,1
1371,"?1,047",1
1372,,0
1373,"?1,350",1
1374,?449,0
1375,?293,0
1376,"?2,625",1
1377,?698,1
1378,?349,0
1379,?199,1
1380,"?3,380",1
1381,,1
1382,?260,1
1383,,1
1384,?595,1
1385,?544,1
1386,"?2,000",0
1387,,1
1388,,0
1389,,1
1390,,1
1391,"?1,210",1
1392,?584.35,0
1393,?90,1
1394,"?1,200",1
1395,"?4,172.01",1
1396,,1
1397,,0
1398,,0
1399,"?12,970",1
1400,"?2,606",0
1401,,0
1402,?314,0
1403,?476,1
1404,,1
1405,?907,1
1406,,0
1407,"?2,370",1
1408,"?2,079",0
1409,"?2,370",0
1410,,0
1411,,0
1412,,1
1413,"?2,548",0
1414,"?4,858",1
1415,?869,0
1416,"?8,600",1
1417,?360,0
1418,"?3,497",1
1419,,0
1420,,0
1421,"?7,300",0
1422,,0
1423,?399,1
1424,?499,0
1425,?499,0
1426,"?1,039",0
1427,?499,1
1428,?399,1
1429,?309,0
1430,?497,0
1431,?499,1
1432,?299,1
1433,?399,0
1434,?499,1
1435,?249,0
1436,?499,0
1437,?499,0
1438,?799,0
1439,?429,1
1440,?499,0
1441,?497,0
1442,"?1,198",1
1443,?499,0
1444,?499,1
1445,?799,0
1446,"?1,198",1
1447,?499,1
1448,?499,1
1449,?499,1
1450,?549,1
1451,?539,1
1452,?499,1
1453,"?1,118",1
1454,?947,0
1455,?399,1
1456,?449,0
1457,?999,1
1458,?499,1
1459,?420,1
1460,?499,0
1461,"?1,318",0
1462,?799,0
1463,"?1,118",0
1464,?499,1
1465,?399,1
1466,?854,1
1467,"?1,118",1
1468,"?1,299",1
1469,?497,0
1470,?699,0
1471,?549,0
1472,"?1,318",1
1473,?499,1
1474,"?1,118",0
1475,?499,1
1476,"?1,038",1
1477,?399,0
1478,?499,1
1479,?549,0
1480,?799,1
1481,?530,1
1482,?395,1
1483,?399,0
1484,?301,0
1485,?449,0
1486,?649,1
1487,?449,1
1488,?799,1
1489,,1
1490,?649,1
1491,,1
1492,?795,0
1493,?499,0
1494,"?1,118",1
1495,?995,0
1496,?499,1
1497,?549,1
1498,?499,1
1499,"?6,451.50",1
1500,,1
1501,?549,1
1502,?499,1
1503,?941.73,1
1504,"?1,317",1
1505,,1
1506,?985,1
1507,,1
1508,?499,1
1509,?409,1
1510,"?1,038",1
1511,?699,1
1512,?795,1
1513,,1
1514,?510.66,1
1515,?895,1
1516,?522,1
1517,,1
1518,?899,1
1519,?499,1
1520,?497,1
1521,?449,1
1522,?497,1
1523,?958,1
1524,,1
1525,?499,1
1526,?409,1
1527,"?1,099",1
1528,?499,1
1529,?549,1
1530,"?1,038",1
1531,?549,1
1532,?595,1
1533,?999,1
1534,?495,1
1535,?878,1
1536,?799,1
1537,,1
1538,?449,1
1539,?958,1
1540,?549,1
1541,?549,1
1542,"?1,038",1
1543,?549,1
1544,?795,1
1545,?355,1
1546,?549,1
1547,?549,1
1548,?549,1
1549,?549,1
1550,?895,1
1551,?499,1
1552,?549,1
1553,?549,1
1554,?549,1
1555,?549,1
1556,?349,1
1557,?499,1
1558,"?1,249",1
1559,?345,1
1560,?899,1
1561,?657,1
1562,"?1,698",0
1563,"?1,199",1
1564,?269,0
1565,?699,1
1566,?230,1
1567,"?1,879",1
1568,?689,1
1569,?259,1
1570,?449,1
1571,?299,1
1572,?799,1
1573,?539,0
1574,,1
1575,?795,1
1576,?125,1
1577,?699,1
1578,?190,0
1579,?767,1
1580,?599,0
1581,?699,1
1582,?125,1
1583,,1
1584,?419,1
1585,?375,1
1586,?449,0
1587,?985,1
1588,?649,1
1589,"?2,263",1
1590,?689,0
1591,?404,1
1592,?289,1
1593,"?1,169",1
1594,?299,1
1595,?785,1
1596,"?1,099",1
1597,?180,0
1598,"?2,499",1
1599,?189,1
1600,"?2,375",1
1601,?159,1
1602,"?1,249",1
1603,?299,1
1604,?779,1
1605,?599,1
1606,?249,1
1607,?259,1
1608,,1
1609,?795,1
1610,?299,0
1611,"?1,196",1
1612,?748,1
1613,?799,1
1614,"?2,345",1
1615,?499,1
1616,?199,1
1617,?413,1
1618,"?1,599",1
1619,"?1,330",1
1620,"?6,000",1
1621,"?1,259",1
1622,"?2,793",1
1623,"?1,439",1
1624,"?1,619",1
1625,,1
1626,?198,1
1627,"?1,100",1
1628,?419,1
1629,"?1,299",1
1630,?899,1
1631,?855,1
1632,?464,1
1633,"?1,499",1
1634,?185,1
1635,?649,1
1636,?899,1
1637,"?4,929",1
1638,"?4,080",1
1639,?599,1
1640,,1
1641,?499,1
1642,?399,1
1643,?236,1
1644,?444,1
1645,"?1,499",1
1646,"?2,249",1
1647,"?3,509",0
1648,"?1,799",1
1649,"?2,063.14",1
1650,?299,1
1651,"?2,169",1
1652,?489,1
1653,,1
1654,"?3,999",1
1655,,1
1656,,0
1657,"?2,689",1
1658,"?23,900",1
1659,,1
1660,"?21,361",1
1661,"?2,699",1
1662,"?2,666",1
1663,"?3,124",1
1664,,1
1665,,1
1666,,1
1667,,1
1668,,1
1669,,1
1670,,1
1671,,1
1672,"?3,190",1
1673,"?2,550",1
1674,?399,1
1675,?399,1
1676,?899,1
1677,?490,1
1678,?249,1
1679,?499,1
1680,?349,1
1681,?999,0
1682,?399,1
1683,?299,1
1684,?689,1
1685,?629,1
1686,,1
1687,?249,1
1688,?629,1
1689,?799,1
1690,?799,1
1691,?799,1
1692,?799,1
1693,?299,1
1694,?499,1
1695,?499,1
1696,?399,1
1697,?899,1
1698,?799,0
1699,?299,1
1700,?279,1
1701,"?1,299",1
1702,"?1,299",1
1703,?549,1
1704,?189,1
1705,?949,1
1706,"?1,299",1
1707,?195,1
1708,?699,1
1709,?999,1
1710,?399,1
1711,"?1,450",1
1712,?439,1
1713,,0
1714,,1
1715,?550,1
1716,,1
1717,?120,1
1718,?120,1
1719,"?1,499",1
1720,"?1,699",1
1721,"?1,599",1
1722,"?1,599",1
1723,"?1,499",1
1724,"?1,499",1
1725,"?1,499",1
1726,"?1,499",0
1727,"?1,599",1
1728,"?1,599",0
1729,"?1,499",0
1730,"?1,599",1
1731,"?1,599",1
1732,"?1,599",0
1733,"?1,699",1
1734,"?1,599",1
1735,?499,1
1736,?499,1
1737,?499,0
1738,?499,0
1739,?275,0
1740,"?1,899",0
1741,"?1,299",0
1742,"?1,799",0
1743,"?1,499",0
1744,"?1,399",0
1745,"?1,699",1
1746,"?1,899",1
1747,"?1,399",1
1748,"?1,199",1
1749,"?1,899",1
1750,"?1,599",1
1751,"?1,499",1
1752,"?1,899",1
1753,"?1,599",1
1754,?679,1
1755,?908,1
1756,?697,1
1757,"?1,239",1
1758,?506,1
1759,"?1,210",0
1760,"?1,081",1
1761,?711,1
1762,"?1,008",1
1763,?542,1
1764,?506,1
1765,?757,1
1766,"?1,015",1
1767,?785,1
1768,?685,1
1769,?675,1
1770,"?1,161",1
1771,?985,1
1772,"?1,886",1
1773,"?1,123",1
1774,?801,1
1775,?632,1
1776,?881,1
1777,?754,1
1778,"?1,231",1
1779,?849,1
1780,?629,1
1781,?783,1
1782,?575,1
1783,?811,1
1784,?349,1
1785,"?1,236",1
1786,?592,0
1787,?826,0
1788,?847,1
1789,?656,0
1790,?629,1
1791,?604,1
1792,?592,1
1793,?629,1
1794,?987,1
1795,?646,1
1796,?641,1
1797,?694,1
1798,"?1,179",1
1799,?682,1
1800,?881,1
1801,?727,1
1802,?681,1
1803,?696,1
1804,"?5,218",1
1805,"?5,218",1
1806,"?5,218",1
1807,"?3,599",1
1808,"?5,218",1
1809,"?5,218",1
1810,"?5,218",1
1811,"?5,218",1
1812,"?5,218",1
1813,"?5,218",1
1814,"?5,218",1
1815,"?5,218",1
1816,"?5,218",1
1817,"?5,218",1
1818,"?5,218",1
1819,"?5,218",1
1820,"?5,218",1
1821,"?3,599",1
1822,"?5,218",1
1823,"?5,218",1
1824,"?4,923",1
1825,"?5,218",1
1826,"?5,218",1
1827,"?5,218",1
1828,"?5,218",1
1829,"?5,218",1
1830,"?5,218",1
1831,"?5,218",1
1832,"?5,218",1
1833,?399,1
1834,"?3,354",1
1835,"?1,891",1
1836,?426,1
1837,?818,1
1838,?344,1
1839,?587,1
1840,?764,1
1841,?682,1
1842,,1
1843,?249,1
1844,?249,1
1845,?249,1
1846,?249,1
1847,?249,1
1848,?249,1
1849,"?5,915",1
1850,"?5,915",1
1851,"?4,515",1
1852,?749,1
1853,?197,1
1854,?299,1
1855,?197,1
1856,?699,1
1857,?209,1
1858,?209,1
1859,?209,1
1860,?209,1
1861,?209,1
1862,?209,1
1863,?209,1
1864,?209,1
1865,?209,1
1866,?209,1
1867,?209,1
1868,?209,1
1869,?209,1
1870,?209,1
1871,?699,1
1872,?991,1
1873,?883,1
1874,?636,1
1875,?882,1
1876,?675,1
1877,?299,1
1878,?299,1
1879,?499,1
1880,?250,1
1881,?300,1
1882,?698,1
1883,?454,1
1884,?838,1
1885,?299,1
1886,?499,1
1887,?499,1
1888,?499,1
1889,?499,1
1890,?499,1
1891,?499,1
1892,?499,1
1893,?594,1
1894,?579,1
1895,?999,1
1896,?708,1
1897,"?1,214",1
1898,"?1,084",1
1899,"?1,061",1
1900,"?1,057",1
1901,?820,1
1902,?999,1
1903,?771,1
1904,?907,1
1905,?904,1
1906,?960,1
1907,"?1,034",1
1908,"?3,897",1
1909,?886,1
1910,?932,1
1911,?886,1
1912,?784,1
1913,,1
1914,?695,1
1915,?808,0
1916,?606,1
1917,?730,1
1918,?733,1
1919,?545,1
1920,?982,1
1921,?982,1
1922,?572,1
1923,?858,1
1924,?821,1
1925,?776,1
1926,?624,1
1927,?797,1
1928,?833,1
1929,?490,1
1930,?877,1
1931,?624,1
1932,?468,1
1933,?836,1
1934,?733,1
1935,?631,1
1936,?894,1
1937,?606,1
1938,?881,1
1939,?550,1
1940,?878,1
1941,"?2,767",1
1942,?878,1
1943,?426,1
1944,?694,1
1945,?718,1
1946,?646,1
1947,?722,1
1948,?239,1
1949,?399,1
1950,?919,1
1951,?869,1
1952,"?1,019",1
1953,?971,1
1954,?681,1
1955,"?1,078",1
1956,?964,1
1957,?399,1
1958,?902,1
1959,"?1,056",1
1960,?744,1
1961,?590,1
1962,?864,1
1963,"?1,056",1
1964,?249,1
1965,"?1,699",1
1966,"?1,699",1
1967,"?1,699",1
1968,"?1,699",1
1969,"?1,699",1
1970,"?1,449",1
1971,?599,1
1972,?219,1
1973,?349,1
1974,?349,1
1975,?349,1
1976,?749,1
1977,?749,1
1978,?749,1
1979,?749,1
1980,?749,1
1981,?659,1
1982,?649,1
1983,?649,1
1984,?659,1
1985,,1
1986,,0
1987,,1
1988,?280,1
1989,?280,1
1990,?617,1
1991,?349,1
1992,"?2,973",1
1993,?269,1
1994,?862,1
1995,?300,1
1996,?449,1
1997,?749,1
1998,?749,1
1999,,1
2000,?711,1
2001,?718,1
2002,?707,1
2003,?717,1
2004,?713,1
2005,?790,1
2006,?716,1
2007,?724,1
2008,?711,1
2009,?729,1
2010,?678,1
2011,"?1,399",1
2012,?723,1
2013,?726,1
2014,?714,1
2015,"?1,399",1
2016,?550,1
2017,"?1,399",1
2018,?722,1
2019,?837,1
2020,?848,1
2021,?748,1
2022,"?1,078",1
2023,?495,1
2024,?495,1
2025,?250,1
2026,"?1,999",1
2027,"?2,309",1
2028,"?2,249",1
2029,"?2,379",1
2030,?349,1
2031,?406,1
2032,?569,1
2033,?550,1
2034,?225,1
2035,?189,1
2036,,1
2037,?195,1
2038,?470,1
2039,?605,1
2040,?550.55,1
2041,"?1,040",1
2042,?189,1
2043,?341,1
2044,?929,1
2045,?290,1
2046,?116,1
2047,?150,1
2048,,1
2049,?259,1
2050,?745,1
2051,?319.20,1
2052,?179,1
2053,?706,1
2054,"?1,299",1
2055,?520,1
2056,?212,1
2057,?440,1
2058,?226,0
2059,,0
2060,?559,0
2061,"?2,157",1
2062,?284,1
2063,?339.20,1
2064,?909,1
2065,?317,1
2066,?286,1
2067,?641.70,1
2068,?441,1
2069,?270,1
2070,?282,1
2071,?308,1
2072,?922,0
2073,?121,1
2074,?373,1
2075,?305,1
2076,?198,1
2077,?346,1
2078,?545,1
2079,?569,1
2080,?619.38,1
2081,?699,1
2082,?499,1
2083,"?1,574",1
2084,?549,1
2085,,1
2086,?391,1
2087,,1
2088,?225,1
2089,?538.98,1
2090,?286,1
2091,?189,1
2092,?424,1
2093,?849,1
2094,?594,1
2095,?824,1
2096,?379,1
2097,?965.08,1
2098,?389,1
2099,?489,1
2100,?799,1
2101,?82.31,1
2102,"?1,529",1
2103,?699,1
2104,?499,1
2105,?349,1
2106,?199,1
2107,?498,1
2108,?899,1
2109,?99,0
2110,?299,1
2111,?525,1
2112,?459,1
2113,?205.08,1
2114,?149,1
2115,?799,1
2116,"?3,549",1
2117,?549,1
2118,"?2,699",1
2119,?325,1
2120,?579,1
2121,?489,0
2122,?299,1
2123,?275,1
2124,"?1,709",1
2125,?249,1
2126,?316,1
2127,"?1,699",1
2128,?199,1
2129,?269,1
2130,?999,1
2131,?205,1
2132,?313,0
2133,?699,1
2134,"?1,988",1
2135,?225,1
2136,,1
2137,?999,1
2138,"?1,099",1
2139,?227,1
2140,?213,1
2141,?799,1
2142,?138.55,1
2143,?455,1
2144,?349,1
2145,"?2,499",1
2146,"?2,579",1
2147,"?1,249",1
2148,?995.85,1
2149,?135.70,1
2150,"?1,039",1
2151,?636,1
2152,?549,1
2153,?449,1
2154,?399,1
2155,"?5,699",1
2156,?249,1
2157,?449,1
2158,?299,0
2159,?499,1
2160,"?1,499",0
2161,?620,1
2162,?199,1
2163,?579,1
2164,"?1,089",1
2165,"?1,234",1
2166,"?2,382.97",1
2167,?799,1
2168,?449,1
2169,?399,1
2170,?665,1
2171,?349,1
2172,?359,1
2173,?549,1
2174,?999,1
2175,?499,1
2176,"?1,649",1
2177,"?7,999",1
2178,?148,1
2179,?279,1
2180,?449,1
2181,?949,1
2182,?337,1
2183,?469,1
2184,?189,1
2185,?389,1
2186,?199,1
2187,?399,1
2188,"?2,481.86",1
2189,?499,1
2190,?330,1
2191,?549,1
2192,?499,1
2193,"?1,329",1
2194,?299,1
2195,?249,1
2196,?313,1
2197,?674,1
2198,?179,1
2199,?169,1
2200,?249,1
2201,?999,1
2202,"?5,224",1
2203,?484,1
2204,?499,1
2205,?444,1
2206,?317,1
2207,?564.09,1
2208,?590,1
2209,?949,0
2210,?215,1
2211,?474.84,1
2212,"?1,619",1
2213,?369,1
2214,"?2,199",1
2215,?455,1
2216,?625,1
2217,?599,1
2218,?539,1
2219,?171.11,1
2220,?128.80,1
2221,"?3,989",1
2222,"?1,825",1
2223,?207,1
2224,"?1,299",1
2225,"?2,097",1
2226,?749,1
2227,?549,1
2228,?365,1
2229,"?1,455",1
2230,"?1,359",1
2231,?169,1
2232,?109,1
2233,?378,1
2234,?749,1
2235,?649,1
2236,?799,1
2237,?259,1
2238,,1
2239,"?1,799",1
2240,?175,1
2241,"?1,439",1
2242,"?2,369",1
2243,?285,1
2244,"?1,377",1
2245,"?1,059",1
2246,?419,1
2247,"?1,499",1
2248,"?2,399",1
2249,?557.75,1
2250,?698,1
2251,?712.50,1
2252,?96.60,1
2253,"?1,575",1
2254,?399,1
2255,?699,1
2256,?499,1
2257,?494,1
2258,?699,1
2259,?559,1
2260,"?4,099",1
2261,?189,1
2262,?230,1
2263,?927,1
2264,?269,1
2265,"?1,299",1
2266,?799,1
2267,?269,1
2268,?599,1
2269,,1
2270,?275,1
2271,"?1,000",1
2272,?569,1
2273,?712.50,1
2274,"?1,329",1
2275,"?4,559",1
2276,?150,1
2277,"?1,299",1
2278,"?2,999",1
2279,?399,1
2280,"?4,018",1
2281,?673,1
2282,?779,1
2283,?350,1
2284,?399,1
2285,"?1,919",1
2286,"?2,399",1
2287,?399,1
2288,?299,1
2289,?340,1
2290,?369,1
2291,?124,1
2292,?899,1
2293,"?1,271",1
2294,?850,1
2295,?399,1
2296,?594,1
2297,?249,1
2298,?99,1
2299,?224,1
2300,?280,1
2301,?369,1
2302,?245,1
2303,?285,1
2304,?499,1
2305,?694,1
2306,"?4,047",1
2307,,1
2308,?299,1
2309,?315,1
2310,,1
2311,"?1,699",0
2312,"?5,698",1
2313,,1
2314,?397,1
2315,"?5,198",1
2316,,1
2317,?841,1
2318,?199,1
2319,?430,1
2320,?349,1
2321,?249,1
2322,?375,1
2323,?199,1
2324,?499,1
2325,"?5,999",1
2326,"?1,699",1
2327,?350,1
2328,?168,1
2329,?549,1
2330,?444,1
2331,?219,1
2332,,1
2333,,1
2334,,1
2335,?274,1
2336,?240,1
2337,?850,1
2338,"?1,250",1
2339,?850,1
2340,?240,1
2341,?350,1
2342,?290,0
2343,?350,1
2344,?850,1
2345,"?1,250",1
2346,?650,1
2347,?290,1
2348,?850,1
2349,"?1,050",1
2350,?650,1
2351,?350,1
2352,?850,1
2353,?650,1
2354,?290,1
2355,"?1,250",1
2356,"?1,050",1
2357,"?1,050",1
2358,?350,1
2359,?650,1
2360,?650,1
2361,?650,1
2362,?650,1
2363,?350,1
2364,?560,1
2365,?140.13,1
2366,?140.13,1
2367,?140.13,1
2368,?140.13,1
2369,?320,1
2370,?299,1
2371,"?1,438",1
2372,?399,1
2373,?619,1
2374,?760,1
2375,"?1,614",1
2376,?449,1
2377,?499,1
2378,"?1,281",1
2379,"?1,139",1
2380,"?1,359",1
2381,?599,1
2382,?399,0
2383,?568,1
2384,?169,1
2385,"?1,023",0
2386,?899,1
2387,?996,1
2388,?444,0
2389,"?1,138",1
2390,?568,1
2391,"?1,394",0
2392,"?1,281",1
2393,"?1,328",1
2394,"?1,699",1
2395,?663,1
2396,"?1,650",1
2397,"?1,518",1
2398,?388,1
2399,"?1,469",1
2400,?996,1
2401,?375,1
2402,?449,1
2403,?978,1
2404,?499,1
2405,?444,1
2406,"?1,138",1
2407,?449,0
2408,?997,0
2409,"?1,367",0
2410,?499,1
2411,?898,1
2412,?444,1
2413,"?1,158",1
2414,"?1,073",1
2415,"?1,349",1
2416,?444,1
2417,?699,1
2418,"?1,494",1
2419,?325,1
2420,"?1,229",1
2421,?950,1
2422,?740,1
2423,?449,1
2424,"?1,491",1
2425,"?1,494",1
2426,?899,1
2427,"?1,281",1
2428,?179,1
2429,?225,1
2430,"?1,150",1
2431,?399,1
2432,?259,1
2433,"?1,478",1
2434,"?1,073",1
2435,"?3,900",1
2436,"?1,138",1
2437,"?1,976",1
2438,?999,1
2439,?399,1
2440,?499,1
2441,?289,1
2442,?474,1
2443,?499,1
2444,"?1,899",1
2445,"?1,879",1
2446,"?3,492",1
2447,"?1,949",1
2448,?805,1
2449,?449,1
2450,?849,1
2451,?674,1
2452,?179,1
2453,?404,1
2454,?499,1
2455,"?1,491",1
2456,,1
2457,?896,1
2458,"?2,499",1
2459,?739,1
2460,"?1,499",1
2461,?675,1
2462,?399,1
2463,?988,1
2464,"?1,095",1
2465,?470,1
2466,?599,1
2467,?289,1
2468,"?1,396",1
2469,?317,1
2470,"?1,159",1
2471,?899,1
2472,"?1,299",1
2473,?478,1
2474,?399,1
2475,?499,1
2476,"?1,976",1
2477,?319,1
2478,?720,1
2479,?499,1
2480,?807,1
2481,?475,1
2482,"?1,080",1
2483,"?1,299",1
2484,?369,1
2485,"?1,847",1
2486,"?1,998",1
2487,?399,1
2488,"?4,655",1
2489,?699,1
2490,?444,1
2491,?260,1
2492,?495,1
2493,"?1,678",1
2494,?190,1
2495,?399,1
2496,?464,1
2497,?227,1
2498,?765,1
2499,?499,1
2500,"?2,169",1
2501,?599,1
2502,?899,1
2503,?499,1
2504,?499,1
2505,?599,1
2506,?749,1
2507,"?1,389",1
2508,?339,1
2509,?540,1
2510,?489,1
2511,?699,1
2512,?349,1
2513,?249,1
2514,?988,1
2515,"?1,367",1
2516,"?1,050",1
2517,?349,1
2518,?199,1
2519,"?1,299",1
2520,?499,1
2521,?499,1
2522,"?1,539",1
2523,?299,1
2524,?999,1
2525,?499,1
2526,"?1,299",1
2527,?499,1
2528,?465,1
2529,?179,1
2530,?599,1
2531,?499,0
2532,?150,1
2533,?799,1
2534,?349,1
2535,"?1,137",1
2536,?199,1
2537,?275,1
2538,"?2,749",1
2539,?199,1
2540,?319,1
2541,"?1,478",1
2542,"?1,949",1
2543,"?1,048",1
2544,,1
2545,?199,1
2546,?399,1
2547,?599,1
2548,?499,1
2549,?849,1
2550,?409,1
2551,?225,1
2552,"?1,598",1
2553,?501,1
2554,?399,1
2555,"?2,195",1
2556,?325,1
2557,?469,1
2558,?499,1
2559,"?1,199",1
2560,"?1,539",1
2561,?849,1
2562,?850,1
2563,?399,1
2564,"?2,997",1
2565,?399,1
2566,?449,1
2567,"?2,999",1
2568,?499,1
2569,?799,1
2570,?225,1
2571,?699,1
2572,?549,1
2573,"?6,671",1
2574,?549,1
2575,"?1,040",1
2576,?300,1
2577,?749,1
2578,"?2,499",1
2579,"?2,749",1
2580,?780,1
2581,?850,1
2582,?849,1
2583,?299,1
2584,?449,1
2585,?699,1
2586,?680,1
2587,?699,1
2588,"?2,649",1
2589,?465,1
2590,?999,1
2591,?189,1
2592,?499,1
2593,"?2,649",1
2594,?449,1
2595,?360,1
2596,"?1,199",1
2597,?464,1
2598,?499,1
2599,?599,1
2600,"?3,492",1
2601,,1
2602,?319,1
2603,?329,1
2604,?299,1
2605,,1
2606,?299,1
2607,?299,1
2608,?289,1
2609,,1
2610,?299,1
2611,?499,1
2612,?349,1
2613,,1
2614,?199,1
2615,,1
2616,,1
2617,"?6,597",1
2618,?609,1
2619,,0
2620,?299,1
2621,,1
2622,,1
2623,"?1,059",1
2624,?275,1
2625,?599,1
2626,?810,1
2627,,1
2628,,1
2629,?289,1
2630,?299,1
2631,?299,1
2632,,1
2633,"?1,119",1
2634,"?1,320",1
2635,"?1,139",1
2636,"?1,062",1
2637,?275,1
2638,,1
2639,,1
2640,,1
2641,?899,1
2642,?750.75,1
2643,"?1,116",1
2644,?299,1
2645,,1
2646,,1
2647,,1
2648,?949,1
2649,,1
2650,,1
2651,,1
2652,"?1,092",1
2653,?275,1
2654,?499,1
2655,?289,1
2656,,1
2657,,1
2658,,1
2659,?809,1
2660,?289,1
2661,"?1,030",1
2662,,1
2663,,1
2664,,1
2665,"?2,077",1
2666,?299,1
2667,,1
2668,?649,1
2669,?772,1
2670,"?1,034",1
2671,?399,1
2672,,1
2673,,1
2674,?871,1
2675,,1
2676,?446.35,0
2677,?751.10,1
2678,?357,1
2679,?390,1
2680,"?1,049",0
2681,,1
2682,?659,1
2683,,1
2684,"?15,309",0
2685,"?1,558",1
2686,,1
2687,,1
2688,?629,0
2689,"?1,130",1
2690,?989,0
2691,?299,0
2692,?429,1
2693,,1
2694,?853,0
2695,?459,1
2696,,0
2697,?960,0
2698,,1
2699,?719,1
2700,,1
2701,"?2,335",1
2702,,0
2703,,0
2704,?238,1
2705,?298,1
2706,,1
2707,?659,0
2708,,1
2709,,1
2710,,1
2711,,1
2712,?299,1
2713,?299,0
2714,?659,0
2715,"?2,167",0
2716,,1
2717,"?1,146",1
2718,,1
2719,,1
2720,,0
2721,,0
2722,?845,0
2723,,1
2724,?319,0
2725,"?4,998",0
2726,"?16,650",0
2727,"?15,750",1
2728,?399,1
2729,?310,1
2730,"?26,100",1
2731,"?26,100",0
2732,?199,0
2733,?199,0
2734,?249,1
2735,?699,1
2736,"?18,700",1
2737,"?18,700",0
2738,"?16,575",0
2739,?499,0
2740,?299,1
2741,?525,1
2742,?432,0
2743,?287,1
2744,?301,1
2745,?479,1
2746,?459,1
2747,?469,0
2748,?445,0
2749,?299,1
2750,?299,0
2751,?259,1
2752,?394,1
2753,?430,1
