mer_id,ratings,no_of_ratings,is_valid
1,4,"1,893",1
2,4.2,"10,388",1
3,,,0
4,3,2,1
5,4.3,"3,415",1
6,4.5,10,1
7,4.1,531,1
8,4.6,5,1
9,3.8,"1,721",1
10,4.1,"45,022",1
11,4.1,"1,087",1
12,3.8,"5,201",1
13,3.9,202,1
14,4.1,"2,789",1
15,3.8,838,1
16,3.4,920,1
17,3.4,"5,967",1
18,4.3,942,1
19,3.8,"3,663",1
20,4,281,1
21,3.8,158,1
22,4.1,991,1
23,4,"5,457",1
24,,,1
25,4.2,"4,807",1
26,3.9,844,1
27,3.9,"1,483",1
28,4,"2,046",1
29,3.3,9,1
30,3.9,213,1
31,4.1,"3,136",1
32,3.8,122,1
33,3.8,"3,982",1
34,3.6,"1,104",1
35,4,"8,401",0
36,3.5,783,1
37,4,"7,399",1
38,3.6,"2,672",1
39,3.8,"1,124",1
40,4,"13,378",1
41,4.1,"6,924",1
42,3.9,"1,483",1
43,3.7,42,1
44,4,389,1
45,4.1,"1,508",1
46,4,738,1
47,3.9,"1,183",1
48,4.1,163,1
49,3.7,"2,288",1
50,3,22,1
51,4.1,14,1
52,4.4,3,1
53,3.3,493,1
54,4.1,288,1
55,4.1,152,1
56,3.5,123,1
57,3.6,62,1
58,3.4,160,1
59,3.7,"8,479",1
60,4,"1,984",1
61,3.3,20,1
62,2.7,104,1
63,3.8,"2,983",1
64,4.2,"157,476",1
65,4.1,"2,122",1
66,3,34,1
67,3.9,753,1
68,4.3,59,1
69,2,1,1
70,4,236,1
71,3.8,224,1
72,3.8,"2,272",1
73,4,80,1
74,4.2,45,1
75,3.1,124,1
76,3.3,485,1
77,3.1,"1,046",1
78,3.9,"24,171",1
79,3.9,"1,207",1
80,,,1
81,3.7,307,1
82,4.6,6,1
83,4,504,1
84,3.5,520,1
85,4.4,870,1
86,4.2,"1,143",1
87,4,1,1
88,3.2,879,1
89,3.4,323,1
90,3.6,10,1
91,4.1,"2,995",1
92,3.8,83,1
93,3.7,131,1
94,4,"1,474",1
95,3.7,186,1
96,3.9,72,1
97,3.2,568,0
98,3.7,9,1
99,4.1,353,1
100,4.3,18,1
101,5,1,1
102,4.3,"5,068",1
103,4,"1,090",1
104,4,98,1
105,3.7,42,1
106,4,"29,567",1
107,3.1,259,1
108,4,636,1
109,3.9,74,1
110,3.9,153,1
111,4.7,32,1
112,3.4,127,1
113,3.5,168,1
114,4.1,"8,884",1
115,3.8,"1,828",1
116,,,1
117,3.6,22,1
118,4.3,132,1
119,4.2,"4,084",1
120,3.9,324,1
121,3.8,391,1
122,3.7,465,1
123,4.4,"4,853",1
124,4,77,1
125,3.4,120,1
126,3.6,392,1
127,3.4,414,1
128,3.7,"1,455",1
129,5,1,1
130,2.7,5,1
131,3.3,30,1
132,,,1
133,4.2,"13,275",1
134,3.6,"3,634",1
135,3.4,"1,298",1
136,4.1,457,1
137,4.6,7,0
138,3.8,546,1
139,3.7,590,1
140,3.7,562,1
141,4,896,1
142,4.1,"2,350",1
143,3.3,4,1
144,3.7,985,1
145,4,161,1
146,3.8,"2,109",1
147,3.1,170,1
148,4.2,"1,165",1
149,4.2,"2,804",1
150,4.3,443,1
151,3.9,143,1
152,4.2,"8,636",1
153,3.1,31,1
154,3.8,"2,033",1
155,4.6,6,1
156,3.7,"21,150",1
157,,,1
158,4.2,32,0
159,3.9,16,1
160,3.7,774,1
161,4.2,8,1
162,4.1,"1,627",1
163,4.6,"20,558",1
164,1,1,1
165,,,1
166,4.3,8,1
167,3.5,"1,037",1
168,3.6,95,1
169,3.8,988,1
170,4.1,"1,194",1
171,3.6,5,1
172,4.2,164,1
173,3.6,14,1
174,3.6,"1,245",1
175,3.8,81,1
176,3.4,262,1
177,3.4,486,1
178,3.2,956,1
179,3.3,3,1
180,3.6,26,1
181,3.5,"1,686",1
182,4,"1,197",1
183,3.9,300,1
184,3.8,"2,740",1
185,3.8,200,1
186,4,"1,907",0
187,3.1,146,1
188,3.4,"1,198",1
189,3.9,505,1
190,3.8,351,1
191,3.5,477,1
192,3.2,78,1
193,3.4,"3,539",1
194,3.7,"1,158",0
195,4,23,1
196,3.3,3,1
197,3.7,143,1
198,4.4,6,1
199,3.6,"2,953",1
200,3.6,435,1
201,3.6,"1,381",1
202,3.2,552,1
203,3.7,236,1
204,4.5,53,1
205,3.4,569,1
206,4,7,1
207,3.9,46,1
208,3.8,22,1
209,3.9,757,1
210,3.2,270,1
211,3,"2,926",1
212,3.8,446,1
213,3.3,5,1
214,3.8,"1,984",1
215,3.3,858,1
216,5,8,1
217,3.7,"1,638",1
218,4,43,1
219,3.3,"1,435",1
220,3.5,82,1
221,4.2,101,1
222,4.1,919,1
223,4.4,15,1
224,4.4,340,1
225,3.8,"6,009",1
226,2.8,13,1
227,3.9,726,1
228,3.5,4,1
229,4,491,1
230,3.9,411,1
231,4.2,19,1
232,,,1
233,4,499,1
234,3.7,434,1
235,,,1
236,4.1,177,1
237,5,1,1
238,3.4,226,1
239,4.2,117,1
240,1.9,15,1
241,4,32,1
242,4.7,4,1
243,3.7,217,1
244,4.2,"1,260",1
245,1,3,1
246,3.9,6,1
247,4.1,401,1
248,4.2,9,1
249,3.5,27,1
250,4.1,106,1
251,3.8,399,1
252,3.9,249,1
253,3.9,620,1
254,3.7,913,1
255,3.8,183,1
256,3.8,99,1
257,4.1,873,1
258,3.5,201,1
259,5,1,1
260,4.6,3,1
261,,,1
262,3.3,3,1
263,3.9,47,1
264,3.5,27,1
265,4.1,266,1
266,3.8,8,1
267,3.4,5,1
268,3.5,101,0
269,3.9,"4,243",1
270,4.5,"1,633",1
271,5,1,0
272,4.5,2,1
273,3.4,732,1
274,3.9,5,1
275,3.8,88,1
276,4.2,79,1
277,4,297,1
278,3.7,62,1
279,3.5,210,1
280,4.1,802,1
281,3.4,"1,079",1
282,4.3,89,1
283,3.6,717,1
284,,,1
285,4,413,1
286,,,1
287,4.3,48,1
288,4.1,137,1
289,,,1
290,3.9,993,1
291,4,404,1
292,3.9,"1,173",1
293,3.5,95,1
294,4,"1,858",1
295,4,288,1
296,3.9,386,1
297,5,2,1
298,4.2,136,1
299,4.2,53,0
300,5,1,1
301,3.6,"1,071",1
302,3.6,15,1
303,4,298,1
304,3.5,46,1
305,2.9,52,1
306,3.3,504,1
307,3.6,177,1
308,4,182,1
309,3.7,523,1
310,4,846,1
311,3.5,11,1
312,4.1,646,1
313,4.1,"3,839",1
314,4,26,1
315,3.5,"2,117",1
316,4.5,107,1
317,4,853,1
318,4,"3,239",1
319,3.1,425,1
320,4.1,11,1
321,4,12,1
322,4.1,"5,536",1
323,3.9,516,1
324,3.2,119,0
325,3.3,"1,431",1
326,4.3,169,1
327,,,0
328,3.5,2,1
329,3.9,375,1
330,4.2,353,0
331,3.8,107,1
332,,,1
333,3.9,204,1
334,3.8,939,1
335,4.1,19,1
336,2.4,24,1
337,4,418,1
338,3.7,339,1
339,3.6,42,1
340,3.7,83,1
341,4.2,"10,834",1
342,3.8,"8,943",1
343,3.7,21,1
344,4.2,6,1
345,4.1,203,1
346,3.2,18,1
347,,,1
348,3.7,10,1
349,,,1
350,3.6,98,1
351,4.3,337,1
352,1,2,1
353,3.4,60,1
354,4,120,1
355,3.5,"1,547",1
356,1,1,1
357,3.8,57,1
358,3.8,4,1
359,3.8,83,1
360,3.8,47,1
361,4,"4,974",1
362,4,504,1
363,4.2,935,1
364,3.7,200,1
365,4.3,25,1
366,3.8,"2,930",1
367,3.8,"3,141",1
368,4,"2,831",1
369,3.9,"6,335",1
370,3.9,"1,981",1
371,4,349,0
372,3.7,"5,595",1
373,3.8,"3,744",1
374,3.9,595,1
375,3.8,"5,604",1
376,3.7,"6,744",0
377,4,"4,026",1
378,3.8,"5,849",1
379,3.1,29,1
380,3.5,"1,331",1
381,3.7,"4,383",1
382,3.8,"1,624",1
383,3.8,"1,738",1
384,3.9,3,1
385,3.4,19,1
386,3.4,109,1
387,4,"1,707",1
388,3.7,575,1
389,3.9,193,1
390,3.9,"5,708",1
391,3.6,566,1
392,3.8,"2,755",0
393,3.5,332,1
394,3.4,394,0
395,3.8,794,1
396,3.9,124,1
397,3.8,367,1
398,4.1,"3,560",1
399,3.8,"1,989",1
400,3.8,666,1
401,3.8,5,1
402,4.1,379,1
403,4.4,"1,971",1
404,3.9,158,1
405,3.3,41,1
406,3.8,863,1
407,3,3,1
408,4.2,872,1
409,3.9,"1,138",1
410,3.3,7,1
411,4,65,1
412,3.7,35,1
413,3.7,"1,788",1
414,3.9,"1,798",1
415,4.4,73,1
416,3.9,257,1
417,4,"2,371",1
418,,,1
419,3.9,"1,750",1
420,3.7,270,1
421,3.8,"1,686",1
422,,,1
423,3.9,98,1
424,3.6,"1,931",1
425,3.8,"1,604",1
426,3.6,"5,362",1
427,3.3,21,1
428,3.7,"2,282",1
429,3.5,"1,766",1
430,,,1
431,3.4,6,1
432,3.9,47,1
433,3.9,"1,499",1
434,3.5,13,1
435,3.7,"1,657",1
436,3.9,271,1
437,3.9,352,0
438,4.1,801,1
439,4,20,1
440,3.8,87,1
441,4.4,3,1
442,3.4,382,1
443,3.5,685,1
444,3.7,265,1
445,3.9,466,1
446,3.7,207,1
447,4,80,1
448,3.9,"1,172",1
449,3.8,164,1
450,4.5,16,1
451,3.7,"2,056",1
452,4,54,1
453,3.6,20,1
454,3.8,754,1
455,3.7,380,1
456,3.3,298,1
457,4,43,1
458,3.5,173,1
459,3.7,648,1
460,3.6,235,1
461,3.9,720,1
462,3.7,"2,463",1
463,3.7,518,1
464,3.8,"1,361",1
465,4,724,1
466,,,1
467,4,408,1
468,3.6,46,1
469,3.4,269,1
470,3.8,190,1
471,4.1,"1,159",1
472,3.6,131,1
473,3.8,98,1
474,3.6,316,1
475,3.9,"18,662",1
476,4.3,"15,905",1
477,4.4,"8,614",1
478,4.1,"1,522",1
479,4,"33,466",1
480,4.1,"3,751",1
481,4.1,"52,238",1
482,4.2,366,0
483,4,"17,985",1
484,4.3,"9,760",1
485,4.3,875,1
486,4.3,"10,756",1
487,3.9,"6,264",0
488,4.1,"7,143",1
489,4.3,"5,146",1
490,4.3,"6,583",1
491,3.9,"30,868",1
492,4.7,376,1
493,3.7,"33,641",1
494,3.9,"3,096",1
495,4.3,"1,041",0
496,4.3,"40,138",1
497,4.5,"2,954",1
498,3.5,"1,984",1
499,4,"2,679",1
500,3.9,"15,231",1
501,4,233,1
502,4,"7,233",1
503,4.3,"4,651",1
504,3.9,894,1
505,4,"26,452",1
506,4,"4,558",1
507,4,"3,108",1
508,4.5,513,1
509,4.2,"16,345",1
510,3.7,"6,051",1
511,4,7,1
512,3.8,553,1
513,4.1,"5,816",1
514,4,"1,000",1
515,4.4,"4,457",1
516,4,"7,845",1
517,4,"6,414",1
518,4,"5,122",1
519,4.1,"8,130",1
520,4.6,53,1
521,4.5,82,1
522,4.3,967,1
523,4.1,"3,834",1
524,3.9,"9,032",1
525,4.2,"3,028",1
526,4.4,"1,674",1
527,4.2,751,1
528,4,"2,864",1
529,4.2,"9,755",1
530,4.2,"6,268",1
531,4,"10,737",1
532,4.1,"8,314",1
533,2.9,"3,836",1
534,3.8,390,1
535,4.2,"2,237",1
536,3.8,126,1
537,3.1,7,0
538,3.8,8,1
539,3.2,30,1
540,5,3,1
541,5,3,1
542,2.6,7,1
543,4.5,6,1
544,3.8,2,1
545,2.8,4,1
546,,,1
547,,,1
548,,,1
549,3,1,1
550,2.2,3,1
551,3.3,11,1
552,,,1
553,,,1
554,,,1
555,,,1
556,,,1
557,,,1
558,,,1
559,,,1
560,,,1
561,,,1
562,,,1
563,,,1
564,,,1
565,,,1
566,,,1
567,,,1
568,,,1
569,4.5,2,1
570,,,1
571,,,1
572,,,1
573,,,1
574,,,1
575,,,1
576,,,1
577,3,1,1
578,5,1,1
579,,,1
580,,,1
581,,,1
582,,,1
583,,,1
584,,,1
585,4.5,2,1
586,,,1
587,,,1
588,,,1
589,,,1
590,,,1
591,,,1
592,,,1
593,,,1
594,5,2,1
595,,,1
596,,,1
597,,,1
598,,,1
599,,,1
600,,,1
601,,,1
602,,,1
603,,,1
604,,,1
605,,,1
606,,,1
607,,,1
608,,,1
609,,,1
610,,,1
611,,,1
612,,,1
613,,,1
614,,,1
615,,,1
616,,,1
617,,,1
618,,,1
619,,,0
620,5,2,0
621,,,0
622,,,1
623,,,1
624,5,1,1
625,,,0
626,,,0
627,,,0
628,,,0
629,,,0
630,5,2,0
631,,,0
632,,,0
633,,,0
634,,,0
635,,,0
636,,,0
637,3.9,151,0
638,4.1,26,0
639,5,3,0
640,,,0
641,4.5,14,0
642,4.7,6,1
643,4.2,6,0
644,,,0
645,2.8,5,0
646,5,1,0
647,4,23,0
648,3.9,17,0
649,3.4,36,0
650,3.3,11,1
651,3.6,162,1
652,4.2,26,0
653,3.8,4,0
654,2.5,7,0
655,3.4,8,0
656,,,0
657,2,3,0
658,3,1,1
659,3.4,7,0
660,4.5,16,0
661,3.3,3,0
662,3,1,0
663,3.2,10,0
664,1,1,0
665,3,2,0
666,,,0
667,2.8,5,1
668,1,1,0
669,2.7,9,0
670,3.7,19,0
671,3.6,2,0
672,3.5,7,0
673,,,0
674,4.2,48,0
675,1,1,0
676,3.7,11,0
677,4.5,4,0
678,2.9,6,0
679,3.8,107,0
680,4.2,5,0
681,,,0
682,2.5,2,0
683,3.8,48,0
684,3.6,5,0
685,,,0
686,,,0
687,,,0
688,4,20,0
689,4,1,0
690,4,19,0
691,5,1,0
692,3.8,6,0
693,4,1,1
694,3.3,13,0
695,,,0
696,,,0
697,4,5,1
698,4,2,0
699,,,0
700,3.7,112,0
701,2,3,0
702,4,7,0
703,3,2,1
704,3.6,13,0
705,2.2,3,0
706,3.4,52,0
707,3.5,20,0
708,3.1,9,0
709,3.9,3,0
710,2.7,2,1
711,,,1
712,3.9,2,1
713,4.1,12,0
714,5,1,1
715,1,2,1
716,3.9,5,1
717,4,3,0
718,4.7,4,1
719,3.4,2,1
720,5,1,1
721,3,2,1
722,2,1,1
723,2.3,3,1
724,3,2,1
725,,,1
726,2.5,2,1
727,,,1
728,,,1
729,,,0
730,4,1,1
731,,,1
732,3.4,3,1
733,,,1
734,4.6,3,1
735,,,1
736,,,1
737,,,1
738,3.5,2,1
739,2.1,4,0
740,,,1
741,,,1
742,,,1
743,,,1
744,,,1
745,,,1
746,,,0
747,,,1
748,,,1
749,,,1
750,,,1
751,,,1
752,,,1
753,,,1
754,,,0
755,,,1
756,,,1
757,,,1
758,,,0
759,,,0
760,,,0
761,,,1
762,,,1
763,,,1
764,,,1
765,,,1
766,,,1
767,,,1
768,,,0
769,,,0
770,,,1
771,,,1
772,3.9,"4,117",0
773,3.9,557,1
774,,,1
775,4,2,1
776,,,1
777,,,1
778,5,1,1
779,5,2,1
780,3,2,1
781,5,1,1
782,,,1
783,,,1
784,5,1,0
785,5,2,1
786,3.3,3,1
787,5,1,1
788,,,1
789,,,1
790,1,1,1
791,,,1
792,1,1,1
793,3.7,46,1
794,1,1,1
795,4.2,3,1
796,,,1
797,4,1,1
798,1,1,0
799,,,1
800,1,1,0
801,4,1,0
802,,,0
803,2.1,4,1
804,,,0
805,3.8,18,1
806,,,0
807,,,1
808,,,0
809,,,0
810,,,0
811,,,1
812,,,1
813,,,0
814,,,0
815,,,0
816,,,0
817,,,0
818,,,0
819,,,0
820,5,1,0
821,,,0
822,,,0
823,,,0
824,,,0
825,,,0
826,,,0
827,,,0
828,,,0
829,,,0
830,,,0
831,,,0
832,,,0
833,,,0
834,,,0
835,,,0
836,,,0
837,,,0
838,,,0
839,,,0
840,,,0
841,,,0
842,,,0
843,3,1,0
844,,,0
845,4,163,1
846,4.2,"10,713",1
847,4,900,0
848,4.1,17,1
849,4.3,151,0
850,4.2,237,0
851,4.3,97,1
852,4.5,16,1
853,3.7,37,1
854,3.6,15,1
855,3.1,7,0
856,2.5,2,0
857,4.1,189,1
858,3.5,21,1
859,3.4,3,1
860,4.2,160,1
861,3.8,63,0
862,4.8,8,0
863,4.3,3,1
864,3.4,11,0
865,3.9,38,1
866,,,1
867,4.3,226,1
868,2.6,13,1
869,3.2,25,0
870,4.1,88,1
871,4.2,187,1
872,3.6,169,0
873,3.7,50,1
874,3.8,32,1
875,3.8,3,0
876,5,1,1
877,4.1,98,0
878,,,1
879,4.1,128,0
880,,,0
881,3.9,7,0
882,,,0
883,3.9,5,0
884,3.5,54,0
885,4.4,9,0
886,3.8,10,0
887,5,1,0
888,4,1,0
889,,,0
890,5,1,0
891,4,45,0
892,3.5,120,0
893,3.9,15,1
894,3.8,67,0
895,,,0
896,3.6,64,0
897,4,57,0
898,2.8,3,0
899,3.6,52,0
900,4,145,0
901,2.7,7,0
902,5,1,0
903,4,1,0
904,,,0
905,3.9,2,0
906,,,0
907,,,0
908,4,"14,524",0
909,4.1,557,0
910,3.3,9,0
911,4.5,114,0
912,4.3,22,0
913,,,0
914,,,0
915,4,27,0
916,3.8,527,1
917,4.6,7,0
918,5,1,1
919,1.5,2,1
920,3.4,48,1
921,,,1
922,4.4,132,1
923,4.1,28,1
924,4.4,"3,086",1
925,,,1
926,,,1
927,3.9,48,1
928,5,1,1
929,3.7,342,1
930,4.6,"29,203",1
931,3.7,5,1
932,4,118,1
933,4.1,80,1
934,1,1,1
935,3.8,64,1
936,4,55,1
937,3.5,17,1
938,,,1
939,,,0
940,3.6,271,1
941,3,2,1
942,,,1
943,,,1
944,,,1
945,,,1
946,,,1
947,,,1
948,2.1,4,1
949,5,1,1
950,3.6,3,1
951,,,0
952,,,1
953,,,0
954,,,1
955,4.3,41,0
956,4,297,1
957,4.3,58,1
958,1,1,1
959,3.3,11,1
960,3.4,20,1
961,,,1
962,,,0
963,,,1
964,4.1,"11,671",1
965,,,1
966,3.7,7,1
967,4.5,2,1
968,3,1,0
969,4.4,15,1
970,,,1
971,,,1
972,4.4,"1,218",1
973,,,1
974,,,1
975,4.7,3,1
976,4,1,1
977,4.2,7,0
978,4,36,1
979,4.5,5,0
980,4,1,0
981,3.6,58,1
982,4.1,10,1
983,5,1,1
984,,,1
985,5,2,1
986,4.1,60,0
987,4.3,58,0
988,4,"12,456",1
989,4.1,54,1
990,2.9,2,1
991,5,2,1
992,,,1
993,1,1,1
994,4.4,38,0
995,,,1
996,,,1
997,,,1
998,3.5,6,0
999,,,0
1000,,,1
1001,3.8,178,1
1002,4.1,"8,622",1
1003,4.5,"2,342",1
1004,,,1
1005,5,1,1
1006,4.3,31,1
1007,4,10,1
1008,3.3,14,1
1009,,,1
1010,,,1
1011,,,0
1012,,,0
1013,1,1,1
1014,3.8,"1,005",1
1015,4.2,342,0
1016,4.3,149,0
1017,4.2,"28,269",0
1018,3.9,62,0
1019,4.6,612,0
1020,4.4,654,0
1021,4.3,157,1
1022,3.9,"84,763",1
1023,4.2,132,1
1024,4.2,623,0
1025,4.1,525,0
1026,4.4,"1,496",0
1027,4.1,231,0
1028,4.4,160,1
1029,4.3,111,1
1030,4.1,374,1
1031,4.2,312,1
1032,3.9,662,1
1033,4.4,729,1
1034,4.3,511,0
1035,4.4,320,0
1036,3.5,509,0
1037,3.7,929,1
1038,4.2,552,0
1039,4,249,1
1040,4.2,"1,017",1
1041,4.2,805,1
1042,4.2,235,1
1043,4.8,297,0
1044,4.3,"1,740",0
1045,4.5,301,1
1046,3.8,949,0
1047,4.1,27,0
1048,3.7,904,1
1049,4.6,"8,311",1
1050,4.5,"3,832",1
1051,4.1,"1,143",1
1052,4.5,93,1
1053,4.1,380,1
1054,4.1,464,1
1055,3.9,309,1
1056,4.5,141,1
1057,4.6,806,0
1058,4.2,205,1
1059,3.8,381,1
1060,4.4,502,1
1061,4.2,74,1
1062,4.2,16,1
1063,4.2,243,1
1064,4.3,405,1
1065,4.2,87,0
1066,4,255,1
1067,4.3,54,1
1068,4.5,503,0
1069,4.1,328,0
1070,4.3,267,0
1071,4.3,"1,385",1
1072,4.1,80,0
1073,4.1,106,0
1074,4.4,90,1
1075,4.1,413,1
1076,4.4,115,1
1077,4.5,27,0
1078,4.5,133,1
1079,4.3,247,1
1080,4.1,438,1
1081,4.1,113,1
1082,3.7,4,0
1083,4.3,260,0
1084,4.3,"1,828",0
1085,3.7,714,0
1086,4.6,"2,808",1
1087,4.3,75,1
1088,4.4,458,1
1089,4.3,190,1
1090,3.5,486,1
1091,4.1,115,1
1092,3.7,289,1
1093,4.5,"2,384",1
1094,4.2,34,1
1095,4.3,199,1
1096,4.1,273,1
1097,4.5,945,1
1098,3.8,269,1
1099,4.1,253,1
1100,4.1,254,1
1101,4.1,175,1
1102,4.1,169,1
1103,4.5,193,1
1104,3.5,11,1
1105,4.4,82,1
1106,4.2,31,1
1107,4.2,51,1
1108,4.4,729,1
1109,4.3,82,1
1110,3.8,27,1
1111,3.9,92,1
1112,5,1,1
1113,4.5,72,1
1114,4.5,362,1
1115,4.3,33,1
1116,4.1,74,1
1117,4.2,138,1
1118,4.3,944,1
1119,4.1,34,1
1120,5,7,1
1121,4.3,12,1
1122,3.6,36,1
1123,4.2,109,1
1124,3.5,63,1
1125,3.9,75,1
1126,4,54,1
1127,3.8,67,1
1128,4.5,213,1
1129,4.2,39,1
1130,4.2,58,1
1131,4.6,"2,319",1
1132,4.3,135,1
1133,3.8,41,1
1134,3.8,36,1
1135,4,62,1
1136,4.4,"1,084",1
1137,3.7,105,1
1138,3,26,1
1139,4.2,147,1
1140,3.7,7,1
1141,4.5,100,1
1142,3.3,3,1
1143,4,196,1
1144,3.9,142,1
1145,4.4,26,1
1146,4.5,78,1
1147,4.4,271,1
1148,3.6,4,1
1149,4.1,212,1
1150,4.1,16,1
1151,3.9,"1,163",1
1152,4.6,"10,750",1
1153,4.3,47,1
1154,4.5,"2,558",1
1155,4.2,146,1
1156,4.7,85,1
1157,4.2,50,1
1158,4.2,145,1
1159,3.9,12,1
1160,4.2,138,1
1161,4.6,558,1
1162,4.5,11,1
1163,3.9,64,1
1164,4.1,21,1
1165,5,5,1
1166,4.4,124,1
1167,3.5,3,1
1168,4,"6,619",1
1169,4.5,14,1
1170,4.2,56,1
1171,4,43,1
1172,4.7,53,1
1173,4,69,1
1174,3.9,43,1
1175,4,23,1
1176,3.4,5,1
1177,4.4,183,1
1178,4.2,285,1
1179,4.3,456,1
1180,4.5,204,1
1181,4.6,"10,430",1
1182,,,1
1183,5,1,1
1184,4.7,3,1
1185,4.6,"3,123",1
1186,3.9,22,1
1187,4.7,"2,714",1
1188,3.8,152,1
1189,3.9,168,1
1190,4,11,1
1191,4.7,13,1
1192,3.6,37,1
1193,3.5,111,1
1194,4.4,634,1
1195,3.9,125,1
1196,3.6,8,1
1197,,,1
1198,,,1
1199,4.1,54,1
1200,,,1
1201,2.6,9,1
1202,4.3,11,1
1203,4.6,760,1
1204,4.1,6,1
1205,,,1
1206,4.7,"1,280",1
1207,,,1
1208,4.2,26,1
1209,3.5,4,1
1210,4.1,54,1
1211,,,1
1212,,,1
1213,4.6,103,1
1214,3.8,22,1
1215,,,1
1216,4.8,7,1
1217,4.5,2,1
1218,,,1
1219,4.2,70,1
1220,3.1,21,1
1221,,,1
1222,3,3,1
1223,4.4,794,1
1224,,,1
1225,,,1
1226,2.9,20,1
1227,,,1
1228,,,1
1229,,,1
1230,4.1,9,1
1231,5,2,1
1232,,,1
1233,3.9,25,1
1234,3.3,10,1
1235,5,1,1
1236,,,1
1237,5,2,1
1238,4.6,5,1
1239,4.5,552,1
1240,,,1
1241,3.9,5,1
1242,,,1
1243,4.2,130,1
1244,4,1,1
1245,4.7,"3,226",1
1246,4.4,202,1
1247,3.9,8,1
1248,4.7,115,1
1249,2.7,27,1
1250,4.1,12,1
1251,4.3,8,1
1252,4.5,2,1
1253,4.5,141,1
1254,4.7,"3,825",1
1255,,,0
1256,4.2,18,1
1257,4.4,"3,700",1
1258,3.5,2,1
1259,,,1
1260,5,2,1
1261,,,1
1262,4.4,42,1
1263,5,1,1
1264,,,1
1265,3.7,3,1
1266,,,1
1267,5,5,1
1268,4.3,193,1
1269,,,1
1270,4.6,517,0
1271,4.5,9,0
1272,5,1,1
1273,3.3,6,0
1274,,,1
1275,5,2,1
1276,4.3,229,1
1277,3.7,8,1
1278,,,0
1279,,,1
1280,5,1,0
1281,5,3,1
1282,4.5,123,1
1283,4.5,75,1
1284,3.7,16,0
1285,2.7,2,0
1286,4.1,14,1
1287,3.5,8,1
1288,,,0
1289,4.4,9,1
1290,4.6,77,1
1291,4,29,0
1292,4.7,"1,305",1
1293,,,1
1294,3.2,31,0
1295,3.4,6,1
1296,3.4,16,1
1297,5,9,0
1298,4.5,2,0
1299,,,1
1300,3.4,4,0
1301,4.7,177,0
1302,4.4,2,0
1303,4.5,4,1
1304,,,1
1305,,,0
1306,4.5,546,1
1307,2.8,4,1
1308,3.7,14,1
1309,4.4,"1,416",0
1310,5,1,1
1311,,,1
1312,4.4,2,1
1313,3,1,0
1314,2.3,2,1
1315,4.6,"1,274",0
1316,,,1
1317,,,1
1318,3.8,4,1
1319,5,1,1
1320,4.1,5,1
1321,4.5,309,1
1322,,,1
1323,,,1
1324,,,1
1325,4.7,7,1
1326,3.8,7,1
1327,4.4,73,1
1328,5,2,0
1329,3.6,3,1
1330,5,1,1
1331,,,1
1332,,,0
1333,4,98,1
1334,5,3,0
1335,2.8,6,1
1336,4.7,197,1
1337,4.7,7,0
1338,,,1
1339,,,0
1340,3.8,4,1
1341,4.4,17,1
1342,3.9,6,0
1343,,,1
1344,4.5,"1,368",1
1345,4.5,"6,071",1
1346,4.6,62,1
1347,4.7,326,0
1348,3.2,6,1
1349,3.7,10,1
1350,3.9,26,1
1351,3.4,4,0
1352,,,0
1353,3.5,14,1
1354,4.7,950,1
1355,3,10,1
1356,5,3,1
1357,4.6,783,1
1358,4.2,742,1
1359,,,1
1360,4.7,361,1
1361,4,1,0
1362,2,1,1
1363,4.5,172,1
1364,4.4,73,1
1365,4.4,19,1
1366,,,0
1367,,,1
1368,3.7,14,1
1369,4,1,1
1370,4.5,155,1
1371,3.8,27,1
1372,4.6,2,0
1373,,,1
1374,4.5,9,1
1375,,,1
1376,,,1
1377,,,0
1378,3,1,0
1379,2,1,1
1380,2.7,2,1
1381,,,1
1382,4.1,5,1
1383,4.8,6,1
1384,3.4,13,0
1385,3.7,3,1
1386,4.6,"1,834",1
1387,4,18,1
1388,5,2,1
1389,4.7,52,0
1390,4,8,0
1391,5,3,1
1392,,,1
1393,3.9,26,1
1394,4.7,3,1
1395,3.6,4,0
1396,4.6,2,0
1397,4.6,249,0
1398,4.2,6,1
1399,4,3,1
1400,4.6,556,1
1401,4.6,473,1
1402,,,1
1403,3,1,1
1404,3.9,72,0
1405,3.2,4,0
1406,4.1,8,1
1407,5,2,1
1408,,,1
1409,3.5,3,1
1410,4.3,24,1
1411,4.5,261,0
1412,3.8,12,0
1413,4.7,"4,237",1
1414,4.6,20,1
1415,4,65,1
1416,4.7,"1,106",0
1417,2.9,7,1
1418,4.4,"5,332",1
1419,,,1
1420,4.7,77,1
1421,,,1
1422,5,7,1
1423,,,1
1424,3.9,426,1
1425,3.6,68,0
1426,4.3,9,1
1427,3.4,51,1
1428,3.6,"3,928",1
1429,4.7,2,1
1430,3.8,178,1
1431,3.8,20,1
1432,3.6,52,0
1433,3.6,327,1
1434,5,4,1
1435,3.9,128,1
1436,3.7,22,1
1437,,,1
1438,3.9,19,1
1439,3.8,4,0
1440,4.5,2,0
1441,3.9,149,1
1442,3.8,3,1
1443,,,1
1444,1,1,1
1445,3.4,46,1
1446,,,0
1447,,,1
1448,1.9,7,0
1449,3.2,749,0
1450,4.3,45,0
1451,3.9,25,1
1452,3.8,442,1
1453,5,1,1
1454,4.2,15,0
1455,3.2,88,1
1456,3.2,158,1
1457,5,1,1
1458,3.4,17,1
1459,,,1
1460,3.1,24,1
1461,,,1
1462,5,1,1
1463,4.3,4,1
1464,,,1
1465,3.1,12,0
1466,3.6,5,1
1467,3.5,10,1
1468,3.5,27,1
1469,3.3,3,1
1470,4,1,1
1471,3.7,7,1
1472,4,3,1
1473,2.5,10,1
1474,,,1
1475,,,0
1476,3.6,3,1
1477,5,1,1
1478,4.6,3,1
1479,4.2,6,1
1480,3.5,2,1
1481,,,0
1482,,,1
1483,,,1
1484,3.4,121,1
1485,3.8,81,1
1486,3.6,31,1
1487,5,2,1
1488,,,1
1489,4.6,"3,363",1
1490,3.5,15,1
1491,4.6,173,1
1492,3.3,3,0
1493,3.3,16,1
1494,4.2,3,0
1495,4.1,119,1
1496,5,3,0
1497,3.8,36,1
1498,3.4,80,1
1499,4.6,"1,435",1
1500,5,2,1
1501,3.3,18,1
1502,,,1
1503,5,1,1
1504,3.6,3,1
1505,,,1
1506,,,1
1507,,,1
1508,,,1
1509,3.6,12,1
1510,3.6,20,0
1511,,,1
1512,,,1
1513,4.6,"2,399",1
1514,,,1
1515,4,36,1
1516,4.6,4,0
1517,,,1
1518,1,1,1
1519,,,0
1520,3.7,8,0
1521,3.7,3,1
1522,3.5,113,1
1523,3.9,12,1
1524,3.1,73,1
1525,,,1
1526,3.9,11,1
1527,,,1
1528,3.6,104,1
1529,4,1,1
1530,3.1,2,1
1531,,,1
1532,,,0
1533,,,1
1534,,,0
1535,4.1,8,1
1536,3.5,56,1
1537,4,45,0
1538,3.2,9,1
1539,1,2,1
1540,,,1
1541,5,1,1
1542,3.9,9,1
1543,2,1,1
1544,,,1
1545,3.9,16,1
1546,3.3,119,1
1547,,,0
1548,4,2,0
1549,4,2,1
1550,3.8,13,1
1551,,,1
1552,4,2,1
1553,5,1,1
1554,3,1,0
1555,,,0
1556,2.9,21,0
1557,3.1,5,1
1558,3.9,132,1
1559,3.7,153,1
1560,4.6,7,1
1561,3.6,100,0
1562,3.3,7,1
1563,5,1,1
1564,4.5,18,1
1565,3.4,4,1
1566,4,15,1
1567,4,278,1
1568,2,1,1
1569,,,1
1570,,,1
1571,4.1,144,1
1572,3,2,1
1573,4.3,28,1
1574,3.5,42,1
1575,5,1,0
1576,3.5,8,1
1577,3.9,"1,432",1
1578,4.3,10,0
1579,,,0
1580,4.1,11,0
1581,,,0
1582,3.3,33,1
1583,,,1
1584,4,2,0
1585,,,0
1586,3.8,53,1
1587,,,0
1588,3.3,5,1
1589,4.3,50,1
1590,3.6,4,0
1591,5,3,1
1592,3.4,407,0
1593,4.6,51,1
1594,4.4,"1,163",1
1595,,,1
1596,5,1,1
1597,4.6,3,1
1598,3,1,0
1599,2.8,22,1
1600,4.3,12,0
1601,4.4,4,1
1602,4.5,"15,750",1
1603,3.5,14,1
1604,3,1,0
1605,,,0
1606,,,0
1607,,,0
1608,,,1
1609,,,1
1610,,,1
1611,,,1
1612,,,1
1613,,,0
1614,,,1
1615,1,1,1
1616,,,1
1617,2.4,2,0
1618,3.6,176,1
1619,2,1,1
1620,4.5,3,0
1621,,,1
1622,3.3,3,1
1623,,,1
1624,,,0
1625,,,1
1626,2,1,1
1627,,,1
1628,3.7,5,0
1629,,,1
1630,4.1,32,1
1631,4.5,2,1
1632,3.5,6,1
1633,4.2,9,1
1634,2,1,1
1635,1,1,1
1636,4,1,1
1637,4.3,6,1
1638,5,2,1
1639,,,1
1640,5,3,1
1641,4,1,1
1642,4.3,5,0
1643,2.7,3,0
1644,2.7,4,1
1645,3.9,4,1
1646,,,1
1647,4.7,4,1
1648,3,1,1
1649,3,2,1
1650,2.7,5,1
1651,1,1,1
1652,4,1,0
1653,4.2,4,1
1654,1,1,0
1655,,,1
1656,,,0
1657,2.5,5,1
1658,5,2,0
1659,3.8,7,1
1660,4.6,474,0
1661,3.4,23,1
1662,,,1
1663,4.4,53,1
1664,4.5,111,1
1665,4.5,717,1
1666,4.4,501,1
1667,4.3,"3,628",1
1668,4.3,423,0
1669,4.6,213,1
1670,4.5,"3,588",1
1671,4.4,"11,290",1
1672,,,1
1673,4.5,517,1
1674,,,1
1675,,,1
1676,,,1
1677,,,1
1678,,,0
1679,,,0
1680,,,0
1681,,,0
1682,,,0
1683,,,0
1684,,,0
1685,,,0
1686,,,0
1687,,,0
1688,,,1
1689,,,0
1690,,,1
1691,,,1
1692,,,1
1693,,,1
1694,,,0
1695,,,1
1696,,,0
1697,,,0
1698,,,0
1699,,,1
1700,,,0
1701,,,1
1702,,,0
1703,,,1
1704,,,1
1705,,,1
1706,,,1
1707,,,1
1708,,,1
1709,,,1
1710,,,1
1711,,,1
1712,,,0
1713,,,1
1714,,,1
1715,,,1
1716,,,1
1717,,,1
1718,,,1
1719,,,0
1720,,,1
1721,,,1
1722,,,1
1723,,,1
1724,,,1
1725,,,1
1726,,,1
1727,,,1
1728,,,0
1729,,,0
1730,,,1
1731,,,1
1732,,,1
1733,,,1
1734,,,1
1735,,,0
1736,,,1
1737,,,1
1738,,,1
1739,,,1
1740,,,1
1741,,,1
1742,,,1
1743,,,1
1744,,,1
1745,,,0
1746,,,1
1747,,,0
1748,,,0
1749,,,0
1750,,,0
1751,,,0
1752,,,0
1753,,,0
1754,,,0
1755,,,0
1756,,,0
1757,,,0
1758,,,0
1759,,,0
1760,,,0
1761,,,0
1762,,,0
1763,,,0
1764,,,0
1765,,,0
1766,,,0
1767,,,0
1768,,,0
1769,,,0
1770,,,0
1771,,,0
1772,,,0
1773,,,0
1774,,,0
1775,,,0
1776,,,0
1777,,,0
1778,,,0
1779,,,0
1780,,,0
1781,,,0
1782,,,0
1783,,,0
1784,,,0
1785,,,0
1786,,,0
1787,,,0
1788,,,0
1789,,,0
1790,,,0
1791,,,0
1792,,,0
1793,,,0
1794,,,0
1795,,,0
1796,,,0
1797,,,0
1798,,,0
1799,,,0
1800,,,0
1801,,,0
1802,,,0
1803,,,0
1804,,,0
1805,,,0
1806,,,0
1807,,,0
1808,,,0
1809,,,0
1810,,,0
1811,,,0
1812,,,0
1813,,,0
1814,,,0
1815,,,0
1816,,,0
1817,,,0
1818,,,0
1819,,,0
1820,,,0
1821,,,0
1822,,,0
1823,,,0
1824,,,0
1825,,,0
1826,,,0
1827,,,0
1828,,,0
1829,,,0
1830,,,0
1831,,,0
1832,,,0
1833,,,0
1834,,,0
1835,,,0
1836,,,0
1837,,,0
1838,,,0
1839,,,0
1840,,,0
1841,,,0
1842,,,0
1843,,,0
1844,,,0
1845,,,0
1846,,,0
1847,,,0
1848,,,0
1849,,,0
1850,,,0
1851,,,0
1852,,,0
1853,,,0
1854,,,0
1855,,,0
1856,,,0
1857,,,0
1858,,,0
1859,,,0
1860,,,0
1861,,,0
1862,,,0
1863,,,0
1864,,,0
1865,,,0
1866,,,0
1867,,,0
1868,,,0
1869,,,0
1870,,,0
1871,5,1,0
1872,,,0
1873,,,0
1874,,,0
1875,,,0
1876,,,0
1877,,,0
1878,,,0
1879,,,0
1880,,,0
1881,,,0
1882,,,0
1883,,,0
1884,,,0
1885,,,0
1886,,,0
1887,,,0
1888,,,0
1889,,,0
1890,,,0
1891,,,0
1892,,,0
1893,,,0
1894,,,0
1895,,,0
1896,,,0
1897,,,0
1898,,,0
1899,,,0
1900,,,0
1901,,,0
1902,,,0
1903,,,0
1904,,,0
1905,,,0
1906,,,0
1907,,,0
1908,,,0
1909,,,0
1910,,,0
1911,,,0
1912,,,0
1913,,,0
1914,,,0
1915,,,0
1916,,,0
1917,,,0
1918,,,0
1919,,,0
1920,,,0
1921,,,0
1922,,,0
1923,,,0
1924,,,0
1925,,,0
1926,,,0
1927,,,0
1928,,,0
1929,,,0
1930,,,0
1931,,,0
1932,,,0
1933,,,0
1934,,,0
1935,,,0
1936,,,0
1937,,,0
1938,,,0
1939,,,0
1940,,,0
1941,,,0
1942,,,0
1943,,,0
1944,,,1
1945,,,0
1946,,,0
1947,,,0
1948,,,0
1949,,,0
1950,,,0
1951,,,0
1952,,,0
1953,,,0
1954,,,0
1955,,,0
1956,,,0
1957,,,0
1958,,,0
1959,,,0
1960,,,0
1961,,,0
1962,,,0
1963,,,0
1964,,,0
1965,,,0
1966,,,0
1967,,,0
1968,,,0
1969,,,0
1970,,,0
1971,5,4,0
1972,,,0
1973,,,0
1974,,,0
1975,,,0
1976,,,0
1977,,,0
1978,,,0
1979,,,0
1980,,,0
1981,,,0
1982,,,0
1983,,,0
1984,,,0
1985,,,0
1986,,,0
1987,3.5,4,0
1988,,,0
1989,,,0
1990,,,0
1991,,,0
1992,3.5,2,0
1993,,,0
1994,,,0
1995,,,0
1996,,,0
1997,,,0
1998,,,0
1999,,,0
2000,,,0
2001,,,0
2002,,,0
2003,,,0
2004,,,0
2005,,,0
2006,,,0
2007,,,0
2008,,,0
2009,,,0
2010,,,0
2011,,,0
2012,,,0
2013,,,0
2014,,,0
2015,,,0
2016,,,0
2017,,,0
2018,,,0
2019,1,1,0
2020,,,0
2021,,,0
2022,,,0
2023,5,1,0
2024,5,1,0
2025,,,0
2026,,,0
2027,,,0
2028,,,0
2029,,,0
2030,2.5,2,0
2031,4.3,"8,442",0
2032,4.2,"11,535",0
2033,4.5,450,0
2034,4.4,"74,166",0
2035,4.4,"31,712",0
2036,4.3,"42,992",0
2037,4.2,"4,224",0
2038,4.1,"6,720",0
2039,4.3,"39,863",0
2040,4.4,"12,655",0
2041,4.5,"10,893",0
2042,4.4,"59,138",0
2043,4.4,"74,166",0
2044,4.3,"155,343",1
2045,4.5,"5,409",0
2046,4.3,"4,575",0
2047,4.2,"22,740",0
2048,4.4,"7,741",0
2049,4.3,"34,196",0
2050,4.1,"3,510",0
2051,4.5,"3,513",0
2052,4.3,"17,786",0
2053,4.1,"68,307",0
2054,4.5,313,0
2055,4.1,"12,443",0
2056,4.3,"1,660",0
2057,4.3,"6,318",0
2058,4.2,"18,350",0
2059,4.4,"16,884",0
2060,4.6,"40,049",1
2061,4.4,"5,198",0
2062,4.3,"22,587",0
2063,4.5,"30,511",0
2064,4.2,"215,913",0
2065,4.5,"21,000",1
2066,4.2,"5,861",0
2067,4.4,"18,590",0
2068,4.4,"6,376",0
2069,4.2,"14,222",0
2070,4.4,"3,016",0
2071,4.4,"26,717",0
2072,4.2,"215,913",0
2073,4.3,"4,393",0
2074,4.2,"215,913",0
2075,4.5,"28,591",0
2076,4.4,"20,396",0
2077,4.4,"102,725",0
2078,4.4,"25,281",0
2079,4,"1,480",0
2080,4.3,"21,397",0
2081,4,"12,797",0
2082,4.5,"4,615",0
2083,4.5,"65,629",0
2084,4.4,"8,907",0
2085,4.4,"18,650",0
2086,4.2,"8,856",0
2087,4,"61,008",0
2088,3.7,"16,005",0
2089,4.5,"7,048",0
2090,4.5,"13,590",0
2091,4.3,"8,908",0
2092,4.1,"3,196",1
2093,4.3,"6,370",0
2094,4,"10,007",0
2095,4.1,952,0
2096,4.2,"4,853",1
2097,3.6,917,1
2098,4.4,367,0
2099,4.5,381,0
2100,4.4,446,0
2101,3.5,52,0
2102,4.4,397,0
2103,4.4,"2,477",1
2104,4,80,1
2105,4.3,349,1
2106,3.7,"10,509",1
2107,4.2,491,1
2108,4,495,1
2109,3.3,110,1
2110,3.8,129,1
2111,3.6,948,1
2112,3.5,515,1
2113,4.2,"3,487",1
2114,4.2,"1,462",1
2115,4.3,235,1
2116,4,"1,199",1
2117,4.3,422,1
2118,3.9,293,1
2119,4,"20,520",1
2120,5,17,1
2121,4.2,"1,107",1
2122,3.3,167,1
2123,4.3,489,1
2124,4.3,8,1
2125,4,189,1
2126,3.9,971,1
2127,4.3,"1,351",1
2128,4.2,823,1
2129,3.7,191,1
2130,3.6,58,1
2131,3.8,44,1
2132,4.4,"2,471",1
2133,4.2,"1,280",1
2134,4.3,"1,757",1
2135,3.4,50,1
2136,4,"1,957",1
2137,4.5,731,1
2138,3.6,265,1
2139,2.7,5,1
2140,3.2,5,1
2141,4.3,50,1
2142,1,1,1
2143,4,977,1
2144,4.2,"3,682",1
2145,3.9,"1,381",1
2146,4.5,"5,153",1
2147,4.4,"1,145",1
2148,4.6,363,1
2149,3.3,16,1
2150,4.5,350,1
2151,3.6,505,1
2152,4,898,1
2153,3.9,12,1
2154,4.3,5,1
2155,3.4,184,1
2156,4.4,761,1
2157,3.3,46,1
2158,4.1,167,1
2159,4,151,1
2160,4.4,303,1
2161,4.2,107,1
2162,3.1,31,1
2163,2.6,4,1
2164,4.3,44,1
2165,4.5,"1,195",1
2166,2.2,3,1
2167,4.3,485,1
2168,3.4,"1,456",1
2169,3,41,1
2170,4.1,148,1
2171,3.4,19,1
2172,5,1,1
2173,4,"1,199",1
2174,4.2,169,1
2175,3.9,119,1
2176,3.7,"2,494",1
2177,3.8,115,1
2178,3.9,14,1
2179,4.2,323,1
2180,3.8,40,1
2181,4.2,18,1
2182,4.2,161,1
2183,3.8,307,1
2184,3.8,723,1
2185,4.2,64,1
2186,4,45,1
2187,4.2,906,1
2188,5,4,1
2189,4,320,1
2190,3.9,777,1
2191,3.7,10,1
2192,3.8,641,1
2193,,,1
2194,3.3,37,1
2195,3.9,966,1
2196,4.5,"1,165",1
2197,3.9,71,1
2198,3.5,29,1
2199,3.8,145,1
2200,4.1,54,1
2201,3.8,329,1
2202,4.5,85,1
2203,3.8,13,1
2204,4.4,72,1
2205,3.9,398,1
2206,4.1,158,1
2207,3.6,"2,289",1
2208,4.1,251,1
2209,4.5,94,1
2210,4,56,1
2211,4.1,964,1
2212,4.8,"4,944",1
2213,4.2,141,1
2214,4.6,"4,727",1
2215,3.9,"1,221",1
2216,3.8,301,1
2217,5,3,1
2218,3.9,76,1
2219,,,1
2220,3.3,59,1
2221,4.2,42,1
2222,3.5,598,1
2223,,,1
2224,2.9,34,1
2225,3.9,215,1
2226,4.4,125,1
2227,4.6,40,1
2228,3.4,457,1
2229,3.3,"5,488",1
2230,4.4,737,1
2231,3.9,61,1
2232,3.8,116,1
2233,3.9,31,1
2234,5,2,1
2235,3.8,403,1
2236,4.4,227,1
2237,3.5,34,1
2238,3,9,1
2239,4.3,210,1
2240,3.8,36,1
2241,4.3,68,1
2242,4,60,1
2243,4,50,1
2244,4.1,12,1
2245,3.9,8,1
2246,3.6,5,1
2247,4.3,6,1
2248,3.4,7,1
2249,3.5,40,1
2250,,,1
2251,3.7,56,1
2252,2.4,13,1
2253,3.3,32,1
2254,2.7,7,1
2255,1,1,1
2256,4,23,1
2257,,,1
2258,4,69,1
2259,4.3,474,1
2260,4.3,11,1
2261,3.4,16,1
2262,2.7,13,1
2263,4.6,10,1
2264,4,3,1
2265,4.2,15,1
2266,4,48,0
2267,4.1,3,1
2268,3.9,"1,849",1
2269,3.8,356,1
2270,,,1
2271,4.3,191,1
2272,4,10,1
2273,4.8,11,1
2274,3.8,26,1
2275,,,1
2276,5,2,1
2277,3.7,6,1
2278,5,1,1
2279,,,1
2280,4.3,31,1
2281,4.7,13,1
2282,5,3,1
2283,4.3,542,1
2284,3.4,31,1
2285,4.4,21,1
2286,3,4,1
2287,5,11,1
2288,2.6,8,1
2289,3.8,14,1
2290,4.7,7,1
2291,3.4,42,1
2292,4.2,55,0
2293,4.2,525,1
2294,4.6,10,1
2295,4.4,187,1
2296,3.8,21,0
2297,3.8,53,1
2298,3.8,18,1
2299,3.9,157,1
2300,,,1
2301,3.6,827,1
2302,2.8,13,1
2303,4.1,7,1
2304,3.6,11,1
2305,4,4,1
2306,4.3,"1,406",1
2307,3.9,38,1
2308,3.8,61,1
2309,3.7,29,1
2310,4.3,30,1
2311,3.7,5,1
2312,4.3,"1,164",1
2313,3.1,7,1
2314,3.5,7,1
2315,4.4,"4,783",1
2316,,,1
2317,3,2,1
2318,2.7,10,1
2319,3.9,7,1
2320,,,1
2321,,,1
2322,,,1
2323,5,1,0
2324,,,1
2325,3.4,2,1
2326,,,1
2327,,,1
2328,,,1
2329,4.3,6,1
2330,3,2,0
2331,2.9,7,1
2332,,,1
2333,,,1
2334,,,1
2335,1,1,1
2336,,,1
2337,,,1
2338,,,1
2339,,,1
2340,,,1
2341,,,1
2342,,,1
2343,,,0
2344,,,1
2345,,,1
2346,,,1
2347,,,1
2348,,,0
2349,,,1
2350,,,1
2351,,,1
2352,,,0
2353,,,1
2354,,,1
2355,,,1
2356,,,1
2357,,,1
2358,,,1
2359,,,1
2360,,,1
2361,,,1
2362,,,1
2363,,,1
2364,,,1
2365,,,1
2366,,,1
2367,,,1
2368,,,1
2369,3.8,"1,313",1
2370,4,"1,623",1
2371,4.3,595,1
2372,4.3,59,1
2373,4,109,1
2374,3.9,250,1
2375,4.2,313,0
2376,4.2,83,1
2377,4.2,63,1
2378,4.1,337,1
2379,4.3,4,1
2380,3.9,245,1
2381,4,948,1
2382,3.6,47,1
2383,4.1,252,1
2384,3.2,60,1
2385,3.8,146,1
2386,4.1,241,1
2387,4.1,97,1
2388,3.4,72,1
2389,4.2,127,1
2390,4.1,122,1
2391,3.7,329,0
2392,4.2,"1,136",1
2393,4,654,1
2394,4.4,11,1
2395,4,57,0
2396,4,83,0
2397,4.1,151,0
2398,3.6,88,1
2399,3.6,221,0
2400,3.8,113,1
2401,3.4,25,0
2402,4.5,9,0
2403,4,66,0
2404,3.7,116,1
2405,3.8,68,1
2406,,,1
2407,2.7,14,0
2408,5,1,0
2409,4.7,4,0
2410,4,15,1
2411,4.3,2,0
2412,3.9,13,0
2413,4.2,29,0
2414,3.3,28,0
2415,3.3,5,0
2416,3.1,22,0
2417,,,0
2418,4.1,292,0
2419,4,1,0
2420,,,0
2421,4,37,0
2422,2.6,5,0
2423,3.1,39,0
2424,5,1,0
2425,4.3,5,0
2426,3.8,7,0
2427,5,1,0
2428,3,10,0
2429,3.3,26,0
2430,3.6,158,0
2431,3.7,41,0
2432,,,0
2433,,,0
2434,3.6,15,0
2435,,,0
2436,4.4,119,0
2437,,,0
2438,,,0
2439,,,0
2440,4.5,5,0
2441,,,0
2442,4,1,0
2443,3.5,31,0
2444,5,1,1
2445,,,1
2446,3.8,60,1
2447,5,3,1
2448,3.7,3,1
2449,,,1
2450,,,1
2451,3.7,28,1
2452,,,1
2453,3.6,49,1
2454,3.8,18,1
2455,5,3,1
2456,,,1
2457,4.2,61,1
2458,,,1
2459,2.1,2,1
2460,,,1
2461,3.8,40,1
2462,2.8,3,1
2463,,,1
2464,3.6,48,1
2465,5,1,1
2466,3.3,10,1
2467,4,1,1
2468,4,15,1
2469,,,1
2470,4.2,4,1
2471,4,1,1
2472,3,1,1
2473,3.6,30,1
2474,,,1
2475,5,1,1
2476,5,1,1
2477,3.5,2,1
2478,3.9,10,1
2479,,,1
2480,3.9,56,1
2481,,,0
2482,4.3,24,1
2483,3.8,107,1
2484,1,1,1
2485,,,1
2486,,,1
2487,,,1
2488,4.4,"2,998",1
2489,3.9,3,1
2490,3.3,14,1
2491,2.3,2,1
2492,3.5,4,0
2493,,,1
2494,,,1
2495,4.2,35,0
2496,,,1
2497,,,1
2498,,,1
2499,,,1
2500,,,1
2501,,,1
2502,3.5,11,1
2503,4,1,1
2504,,,1
2505,1,1,1
2506,,,1
2507,2.5,2,0
2508,,,0
2509,4.2,3,1
2510,5,1,0
2511,3.7,20,1
2512,4.4,9,0
2513,,,0
2514,,,0
2515,3.4,4,1
2516,5,2,0
2517,,,1
2518,5,1,1
2519,,,1
2520,,,0
2521,4,1,1
2522,,,1
2523,5,1,1
2524,,,0
2525,4.3,2,0
2526,,,1
2527,,,0
2528,5,2,1
2529,3.7,7,1
2530,,,1
2531,3.2,12,0
2532,2.5,4,1
2533,,,0
2534,,,1
2535,3.4,4,0
2536,,,1
2537,,,1
2538,,,0
2539,5,2,1
2540,4.2,201,1
2541,,,1
2542,4,2,1
2543,3.9,24,1
2544,4,18,0
2545,4,1,1
2546,,,1
2547,4.2,18,1
2548,3.8,27,1
2549,5,1,0
2550,,,1
2551,,,1
2552,,,1
2553,,,1
2554,4.2,3,0
2555,,,1
2556,,,0
2557,,,1
2558,,,1
2559,3.8,27,1
2560,4,3,0
2561,,,0
2562,3.8,2,0
2563,3.6,14,1
2564,3.7,5,1
2565,,,1
2566,,,1
2567,,,1
2568,,,0
2569,,,0
2570,,,1
2571,5,1,0
2572,,,0
2573,4.7,27,0
2574,4.3,86,0
2575,3.9,28,0
2576,,,0
2577,,,1
2578,4,1,1
2579,,,0
2580,3.2,13,1
2581,4.7,6,0
2582,,,1
2583,,,0
2584,3,1,1
2585,,,1
2586,5,1,1
2587,1,1,1
2588,,,0
2589,3.2,2,0
2590,3.6,38,1
2591,,,1
2592,,,0
2593,,,1
2594,1,1,0
2595,1.9,3,0
2596,3.2,6,1
2597,,,0
2598,4,8,1
2599,1,1,0
2600,3.2,5,1
2601,3.8,134,0
2602,3.9,935,0
2603,2.9,42,1
2604,3.5,17,1
2605,1,1,0
2606,,,1
2607,3,1,1
2608,3.7,5,0
2609,,,0
2610,,,1
2611,,,0
2612,3.3,36,0
2613,3.8,50,0
2614,3,2,1
2615,4.5,8,1
2616,3.9,44,0
2617,,,1
2618,3.7,12,1
2619,3.4,14,1
2620,3.4,121,1
2621,3.7,6,0
2622,2.8,4,1
2623,,,1
2624,1,1,1
2625,3.9,6,0
2626,4,193,0
2627,,,0
2628,3.9,20,0
2629,3.5,19,1
2630,,,0
2631,3.5,7,0
2632,,,0
2633,4.8,4,0
2634,5,2,1
2635,5,1,1
2636,3.5,3,0
2637,5,1,1
2638,4.4,3,1
2639,4.6,3,1
2640,,,0
2641,4.3,15,0
2642,3.7,5,0
2643,5,1,0
2644,3.8,3,0
2645,5,2,0
2646,2.2,2,1
2647,5,1,0
2648,4.4,10,1
2649,3.3,65,1
2650,3.9,13,1
2651,4.4,32,0
2652,1,1,0
2653,5,1,1
2654,,,0
2655,,,1
2656,4,38,1
2657,,,0
2658,5,1,0
2659,3,3,1
2660,3.2,22,0
2661,2.9,2,1
2662,4.2,40,1
2663,3,1,0
2664,,,1
2665,4.2,7,1
2666,2.9,4,0
2667,,,0
2668,3.9,4,0
2669,3.6,9,1
2670,4.5,2,1
2671,,,1
2672,4.6,3,0
2673,,,1
2674,3.8,38,1
2675,5,2,1
2676,3.3,3,1
2677,,,1
2678,,,1
2679,,,1
2680,5,5,1
2681,5,1,0
2682,4,46,1
2683,,,1
2684,2.9,3,0
2685,4.6,8,0
2686,3.7,39,0
2687,3.7,5,1
2688,3.7,85,1
2689,3.9,103,1
2690,4.3,41,1
2691,2.9,3,1
2692,3.3,7,0
2693,3.7,19,1
2694,4.1,16,1
2695,3.7,7,1
2696,4.2,17,1
2697,3.7,8,1
2698,3.2,19,0
2699,3.9,46,1
2700,3.6,3,1
2701,4,1,1
2702,3,2,0
2703,3.1,2,1
2704,4.5,2,1
2705,3.7,3,0
2706,3,1,1
2707,1,1,0
2708,3.6,11,1
2709,3.8,6,1
2710,4,1,1
2711,3.7,14,1
2712,,,1
2713,5,1,1
2714,4,1,1
2715,3,1,0
2716,5,2,1
2717,3,4,1
2718,4,2,1
2719,3.2,5,1
2720,1,1,1
2721,4.5,4,1
2722,3.7,7,1
2723,2.4,3,1
2724,,,1
2725,,,1
2726,,,1
2727,,,1
2728,,,1
2729,,,0
2730,,,0
2731,,,1
2732,,,0
2733,,,1
2734,,,1
2735,,,1
2736,,,1
2737,,,1
2738,,,1
2739,,,0
2740,,,1
2741,,,1
2742,,,0
2743,,,1
2744,,,1
2745,,,1
2746,,,0
2747,,,1
2748,,,0
2749,,,1
2750,,,1
2751,,,1
2752,,,0
2753,,,0
